time,pos_x,pos_y,pos_z,quat_w,quat_x,quat_y,quat_z,vel_x,vel_y,vel_z,omega_x,omega_y,omega_z,twist_y
0.0,-312.223389,87.506378,-215.362503,0.4594557865850034,0.5435946256546491,0.5296962770836013,0.461331894818373,10.298616113147606,91.08146609762431,12.95937508291799,-0.506851079075575,0.35637036419128115,0.05511841664109691,0.35637036419128115
0.033333,-311.330597,87.794403,-212.422806,0.4604531601764253,0.5374308400941021,0.5280003210325958,0.46943225324722465,3.4098130077515947,91.25862521269799,14.807807964208099,-0.44592213701663197,0.30127223524794133,-0.0861881825997983,0.30127223524794133
0.066666,-310.422211,87.62252,-209.464905,0.4634984387351877,0.5305290303400794,0.5288959613771624,0.4732623028463029,-13.366268744329474,92.02374407675138,15.886658274294966,-0.36716158501123053,0.27256445801924034,-0.365709151249056,0.27256445801924034
0.099999,-309.521515,86.846024,-206.474701,0.4678967053215223,0.5209963580625002,0.5328714267230403,0.4750615861307111,-30.50792272354724,93.19561221662039,16.91357195513139,-0.39352063170233803,0.3093240123177274,-0.6309357159374529,0.3093240123177274
0.133332,-308.57489,85.645988,-203.4077,0.47480264141476575,0.5082580606094471,0.5384157478309015,0.47575695267518264,-42.825737167164895,92.55592300119883,19.271298362559392,-0.4907618158523335,0.4005384010110659,-0.832588902638373,0.4005384010110659
0.166665,-307.561188,84.220886,-200.380402,0.4821936003701821,0.49190237601623243,0.5454966830472565,0.4774460734115079,-45.689239419003144,90.07316960401704,21.530862780824794,-0.5147989879353531,0.5047517283197157,-0.8760876115549292,0.5047517283197157
0.199998,-306.53241,83.036858,-197.373093,0.488015701279803,0.47603104342750885,0.5527089350051425,0.47932030435104706,-37.1189877763727,88.59687557810713,21.92735691270816,-0.4112843203720808,0.45639775128818943,-0.712399566894035,0.45639775128818943
0.233331,-305.586304,82.371986,-194.394806,0.4917357405822171,0.46483814215624736,0.5577016901675877,0.48071851203693294,-23.788674543076116,86.41162807972724,20.55908763940825,-0.30261551458206987,0.4025670339821859,-0.4287986232887777,0.4025670339821859
0.266664,-304.77121,82.1819,-191.563904,0.49211031570739583,0.4566668738743243,0.5611232244450357,0.4841730377340579,-4.115462247840316,87.59356226539816,19.766591365352983,-0.1667383573069698,0.2627447058569746,-0.19962730022900346,0.2627447058569746
0.299997,-304.038788,82.89045,-188.628693,0.4926014838946096,0.4541477116886411,0.5623824002796745,0.4845819537379323,16.066507995009715,91.372522264076,19.59442376382361,-0.006366682387086731,0.08111969394698837,-0.03718320361101448,0.08111969394698837
0.33333,-303.37851,84.085823,-185.699203,0.49128812939351996,0.4545563878448867,0.5629169458824766,0.4849113075860057,26.574753284199463,92.31589532276543,18.442902336837697,0.11040977332702458,-0.009779037266472885,0.1727497730560431,-0.009779037266472885
0.366663,-302.783813,85.480141,-182.776794,0.48831199198120545,0.4593479920188378,0.5613804253896955,0.4851833042313939,31.332481647337875,91.0795021562247,16.551685043917313,0.2188399905450516,-0.21541727774605568,0.4473190315043003,-0.21541727774605568
0.399996,-302.238495,86.909813,-179.939499,0.48470499130811345,0.46994500514112497,0.5560673470310709,0.48476991357729315,28.6363113868421,87.8503115055626,13.776771055061063,0.29360753283591434,-0.28118339974052686,0.6854740371323274,-0.28118339974052686
0.433329,-301.730408,87.968933,-177.165695,0.47783555865321936,0.48132768962925854,0.5508296068090495,0.48639857971144784,19.719491483125402,85.50492035717359,11.468053120247994,0.35282178180854684,-0.1776081228401258,0.7646648216010735,-0.1776081228401258
0.466662,-301.210297,88.637833,-174.393097,0.46990843706649454,0.4924835322561523,0.5466910243651816,0.48762173363046096,10.04573054356218,86.09456630529613,9.652554672733002,0.4026221624567195,-0.07026658819438399,0.683254049430492,-0.07026658819438399
0.499995,-300.679504,88.907677,-171.524796,0.4614141008612204,0.5012396494098499,0.5450716999029354,0.488623252978045,-0.27847903041759287,89.06792346421031,7.960096183434541,0.3746202417884262,0.06618400138527478,0.5494641879585056,0.06618400138527478
0.533328,-300.11499,88.775352,-168.534698,0.45350983713212695,0.507163109075684,0.5446442616252588,0.4903845804017029,-14.830726073718118,94.52228250388009,5.928309329552448,0.2748744582890276,0.26918294317340585,0.42266293892248313,0.26918294317340585
0.5666610000000001,-299.535889,87.98011,-165.306,0.44497285988039903,0.5086691892908719,0.546490030366718,0.4945740152351413,-23.096104535415527,97.19952354200484,2.649716616411534,0.08772691815201372,0.20210633340786352,0.3172668656199655,0.20210633340786352
0.599994,-299.056488,87.213753,-162.144699,0.44312713187100816,0.5109307140637108,0.5437290884636791,0.49693744956943753,-21.61128797462966,100.15211729147092,-0.5835611841159217,-0.05353030213284615,-0.10377625802225243,0.1890943467672547,-0.10377625802225243
0.633327,-298.682495,86.434898,-158.707504,0.44463461975117885,0.513026354525184,0.5408518662329492,0.49657151879025524,-17.133866935950323,108.2814490066554,-4.001439927076641,-0.05188524768091782,-0.35090930846605967,0.03806387193606797,-0.35090930846605967
0.66666,-298.413086,85.912697,-154.976807,0.4496981953887564,0.5166419479662318,0.537003524829857,0.49242242534846264,-7.905368015397984,114.48823018501325,-5.727664924902417,0.0025572549067875545,-0.5910597492243905,-0.02926778078669075,-0.5910597492243905
0.6999930000000001,-298.173889,85.741074,-151.095795,0.45563758607366023,0.5222271433269586,0.5325224582530439,0.4858940546926535,3.352123293020719,114.42464266610796,-6.222851827139426,0.15295310854176136,-0.729992304608224,0.026443062066162586,-0.729992304608224
0.733326,-297.968597,85.984207,-147.347305,0.4595510381832307,0.5312411967831502,0.5279175502772345,0.47738736289768374,12.943334985886331,107.74144777241393,-8.442992251866263,0.37903739847535356,-0.7654804888200835,0.12537148422317504,-0.7654804888200835
0.766659,-297.866608,86.449471,-143.880798,0.46039093778809353,0.5424083893889062,0.5245971914567183,0.4675800575718082,13.1291101342747,98.47927092874673,-12.546918130837685,0.5327367227316006,-0.7503972043985655,0.12721349270185026,-0.7503972043985655
0.799992,-297.876495,86.69799,-140.710297,0.46105443343716535,0.5533316103793455,0.5224010037671916,0.45645386363351687,5.467719951693792,92.95372409133627,-15.869396605684745,0.5050602121963373,-0.7349577756860906,-0.020342492124619332,-0.7349577756860906
0.8333250000000001,-297.922699,86.668854,-137.587799,0.46419337037862224,0.5610103801401154,0.5213738534992695,0.44492827866848483,-4.347732185879102,94.01202133941166,-17.8189278410952,0.3439075769789957,-0.6507295349057138,-0.25278181567119246,-0.6507295349057138
0.866658,-297.984497,86.317169,-134.337006,0.4696932455679755,0.5639250758540717,0.522173524793066,0.43440945419728894,-14.272985263998752,97.62622396773475,-19.257945942577557,0.165102933016533,-0.5273841519603245,-0.4496372180257177,-0.5273841519603245
0.899991,-298.077911,85.730324,-130.953995,0.476782124847876,0.5634083613105291,0.5239621441347593,0.42510409942111177,-21.595485518465004,100.00785912484268,-19.995799902114964,0.03373980775252706,-0.4795559632914907,-0.5321305277706323,-0.4795559632914907
0.933324,-298.184204,85.03067,-127.510201,0.4849735268831778,0.5619610183559542,0.5250219167009283,0.4163561925257197,-23.24066235926879,101.37056867231789,-19.331368000476573,-0.05517393948382467,-0.46877076495714914,-0.5008665809705634,-0.46877076495714914
0.9666570000000001,-298.236694,84.476013,-124.016197,0.49297720512049276,0.5602649105301062,0.5250081038297046,0.40919823578971826,-18.039837053193924,102.42769867545877,-17.312510069426494,-0.13752693637824698,-0.41375102766677113,-0.39511255362981557,-0.41375102766677113
0.99999,-298.185608,84.234451,-120.526497,0.5001813692515467,0.5584412852351954,0.5237364483641058,0.4045516795830458,-6.990207421398231,103.99096053319109,-15.064269529898842,-0.255270816359562,-0.2263098348080652,-0.2755310174014103,-0.2263098348080652
1.033323,-298.024811,84.489731,-116.998901,0.5054034179944964,0.5542597789421825,0.5229301624196137,0.4048549465651121,4.555839500140628,105.20077097597262,-12.165284180108559,-0.35111184312265115,-0.015791426286448803,-0.16270181714218368,-0.015791426286448803
1.066656,-297.744812,85.05098,-113.521103,0.5091399248403797,0.5499043201361299,0.5217389916843532,0.40763979220059915,14.392756078292836,105.57130774840067,-9.398977331701184,-0.35778862669263495,0.1611728065390821,-0.023964517633088215,0.1611728065390821
1.099989,-297.40329,85.965408,-110.050301,0.5094810389724482,0.5455774863024634,0.5212398214280726,0.4136222019247408,20.51987652122218,105.57367250740664,-7.491930029563466,-0.27770577952997955,0.28179534124627925,0.1535770409483146,0.28179534124627925
1.1333220000000002,-297.042297,86.907928,-106.613503,0.5071772688681316,0.5439718971043496,0.5199034030641971,0.4201978636147793,19.636338651300015,104.33729921028973,-6.5292761587264545,-0.15622331139639745,0.30648344887805157,0.3350678894090972,0.30648344887805157
1.166655,-296.723114,87.696777,-103.207397,0.5023022116356698,0.5444427305707213,0.5181502144545287,0.4275452684515851,15.606959490000406,101.95866944810538,-7.087589703404838,-0.06843386065766213,0.3880697199018957,0.4789129816148405,0.3880697199018957
1.199988,-296.491302,88.273521,-99.880081,0.4948775923411608,0.5455517646412665,0.5167198795669627,0.4364286960727027,8.236593980816826,99.11121245130485,-7.8808240980270865,-0.047492959694529276,0.4162028075478241,0.5656753768159757,0.4162028075478241
1.2333210000000001,-296.324188,88.447571,-96.611053,0.48776803041958666,0.5473471649930477,0.514037814793409,0.4452623433854334,-0.9716255717571872,96.97838005155334,-8.29894326451463,-0.06987594216532415,0.3479056531832691,0.5690162776375189,0.3479056531832691
1.266654,-296.213501,88.278923,-93.396919,0.48175288769138075,0.5490091902053599,0.510964848866139,0.45323061182390884,-15.029024831279445,100.58650151340441,-7.801741555093227,-0.1333511405860075,0.05238065427717616,0.4278186643999689,0.05238065427717616
1.299987,-296.072296,87.390549,-89.898376,0.4828683934892964,0.5517184781848415,0.50505160175639,0.45537645411436617,-24.052977927005966,105.9223336253061,-5.476211005780114,-0.12277174356799225,-0.0655165260886462,0.2250938565676703,-0.0655165260886462
1.33332,-295.865601,86.540604,-86.3666,0.4817066108656142,0.5518280429354668,0.5039173458733869,0.457724655886372,-21.559869308062012,111.66155807737941,-2.897964908238584,-0.04631267511491161,0.21459729168679145,0.05797724805975005,0.21459729168679145
1.3666530000000001,-295.511414,85.762131,-82.51255,0.4792246646475334,0.5486671559919206,0.506717535191854,0.4610264767432442,-15.756737907945903,120.4049491905813,-0.059681710434029776,0.011015172091652954,0.6118551697213553,-0.0682828439852039,0.6118551697213553
1.3999860000000002,-295.017609,85.274567,-78.415947,0.47217703534960387,0.5413988372294517,0.5150631715186255,0.46759606037715024,-6.923880422472004,125.01372112694362,0.6657500396320765,0.07834618314865827,0.9940627868086559,-0.11175888828243835,0.9940627868086559
1.433319,-294.514313,85.103561,-74.251472,0.4624544393377333,0.5324512728914398,0.5255648593074782,0.47582886860111684,-0.05056974717999528,123.88017206489984,-0.990514421990785,0.007658683540945395,0.9898202872016766,-0.08893291536754336,0.9898202872016766
1.466652,-294.095612,85.10688,-70.210426,0.4561450572294955,0.524298289455485,0.5320576940584215,0.4836916379599588,2.5761700390501887,119.87355456311093,-2.119095659687587,-0.23574205324792863,0.5956660720635951,-0.09089350971469254,0.5956660720635951
1.4999850000000001,-293.72821,85.128632,-66.29567,0.4575067870450528,0.5176869464315977,0.5324452704997986,0.4890703417959803,-2.112377872208444,114.56013283666036,-0.6420887674327186,-0.48289718036782736,0.3047012185338998,-0.18791505482805504,0.3047012185338998
1.533318,-293.339203,84.854393,-62.61348,0.462119685240157,0.5086163970270078,0.5320588162950871,0.4946394375618207,-12.23029243046338,110.80048291106864,2.460675603083169,-0.5909130083936466,0.34332693765614675,-0.37690487633211106,0.34332693765614675
1.566651,-292.898804,84.274208,-58.95837,0.46763186555682285,0.49622008620222713,0.5343598827491397,0.4995453733882694,-21.20428623660832,110.29466171663758,5.5904974386905435,-0.5955893279831794,0.46140391048609297,-0.5815585385031765,0.46140391048609297
1.599984,-292.404907,83.532349,-55.29353,0.47341656404125193,0.48127171598061674,0.5389305553260452,0.5037937562380148,-25.120014628515957,108.8565382435357,8.184566163081923,-0.5760957823423827,0.5401250149455434,-0.6707637088371771,0.5401250149455434
1.6333170000000001,-291.904694,82.865784,-51.692371,0.4784331933652198,0.4660093353049271,0.5439676137890365,0.5079726508816003,-22.16728775478536,105.84497892840123,9.954816271517585,-0.4791581182639942,0.5314845454007201,-0.5996681659338634,0.5314845454007201
1.6666500000000002,-291.438202,82.485626,-48.19529,0.48140245412862015,0.4537847200477944,0.5486378186980398,0.5112021605043775,-12.572915908912321,103.09585385053116,10.864731509663965,-0.2770949690742093,0.42700753504683575,-0.43277129405570536,0.42700753504683575
1.699983,-291.042114,82.57592,-44.790409,0.48221798569637264,0.44639937190027645,0.5526759769677585,0.512584314548061,1.6394491197149013,101.57002852620063,11.20466487070141,-0.07501806447369129,0.2983318221752467,-0.2552048926333481,0.2983318221752467
1.733316,-290.719391,83.209633,-41.458889,0.48139492281395,0.442791133041589,0.5559622099240759,0.5129336818001277,17.44856021424638,102.0238576445798,11.31250018483935,0.06736380500037727,0.13999260145384998,-0.10167298390035986,0.13999260145384998
1.7666490000000001,-290.473999,84.387192,-38.113651,0.48037244813815966,0.4432069004092782,0.5575801436712845,0.5117756714448835,27.424247844168935,102.51013344541457,9.794668596854091,0.16007442438635694,0.000918453807668044,0.05999245783453536,0.000918453807668044
1.799982,-290.322113,85.676109,-34.8083,0.4779867649730603,0.4464509996715396,0.5578180406555415,0.5109297318830486,31.20778652688702,101.02672331256433,6.99366565601082,0.2372065983007312,-0.1911367173897429,0.26000417990408187,-0.1911367173897429
1.833315,-290.248199,87.040253,-31.570181,0.47595011240758106,0.4550587418889555,0.554684137861872,0.5086438234502446,29.262147236356938,98.49440918838987,3.528041162243174,0.30607651799287894,-0.32016657345129146,0.45396577788728704,-0.32016657345129146
1.866648,-290.212494,88.085457,-28.39275,0.4715571041577455,0.4651188284575968,0.5510306738835545,0.5076057223594211,22.564729845844948,95.49465497490884,0.8961654278015728,0.3483391076501451,-0.3437212948144541,0.5619647500978391,-0.3437212948144541
1.8999810000000001,-290.157806,88.869766,-25.29003,0.4673450500309524,0.4766617593006406,0.5464517545406758,0.5057397071531972,11.306461274107958,95.02843469825561,-0.9625794615536489,0.3689949516088687,-0.21797981395988847,0.5174633912438688,-0.21797981395988847
1.9333140000000002,-290.052612,89.043213,-22.086901,0.4609604699777829,0.48398592607607455,0.5456557777924971,0.5055025624463354,-5.858168762383859,98.78622461530189,-2.9410023699766352,0.31307065776142495,0.13946905169331394,0.3537135770589364,0.13946905169331394
1.966647,-289.901489,88.595482,-18.70055,0.453804729966309,0.4855627191090486,0.5481717739941193,0.5077379433012396,-19.872394011139857,102.88892421088507,-5.41591587134421,0.1317319980696474,0.34564465263117755,0.19635705034644954,0.34564465263117755
1.99998,-289.765289,87.773804,-15.21376,0.4491944916130483,0.4837219247501602,0.5499415696826713,0.5116655921160375,-24.72681455612926,105.22045981227018,-8.366847535251152,-0.07413110909561414,0.2015537389967342,0.12899932904715203,0.2015537389967342
2.033313,-289.733795,86.94828,-11.66549,0.44911235024149837,0.48338761637477656,0.5478540845845938,0.5142863124758879,-22.68203470207981,110.22702675459222,-11.983342912953523,-0.1280340852550274,-0.16681312713163227,0.11586473588541107,-0.16681312713163227
2.066646,-289.86261,86.198212,-7.835978,0.45231031631761354,0.48677297781282486,0.54337386272821,0.5130421923465162,-16.491203145589672,116.66178890421732,-15.191074004334876,-0.0802973812325963,-0.6194136275144645,0.08902116571081935,-0.6194136275144645
2.0999790000000003,-290.104187,85.735268,-3.847992,0.4600729869883755,0.49434030787080463,0.5356516513120083,0.5069889694110817,-9.025973514043347,121.20031683976183,-16.244561790730636,-0.016355851697842604,-0.8458441254463391,0.03140947897332667,-0.8458441254463391
2.133312,-290.376587,85.480453,0.290581,0.4671572061049946,0.5013834893782366,0.5296160854003648,0.49988553034497085,-3.2057035106004808,120.31934860298938,-16.494329279692085,0.1571748812967288,-0.8116790802232073,0.004021321939090553,-0.8116790802232073
2.166645,-290.672913,85.434441,4.225463,0.47170429543545345,0.5103791086243186,0.525560331241889,0.4907082242764069,-0.7264297060673442,111.85350146543475,-18.489655570258538,0.4052780898070912,-0.7659611844651448,0.010394158988594695,-0.7659611844651448
2.199978,-291.055206,85.370667,7.817426,0.4735056111766567,0.5204603852063094,0.5240193889769164,0.4799136418058774,-6.0888766477232465,103.75877224856225,-22.626383571531917,0.5714123346840724,-0.7709890756500493,-0.06198743953166806,-0.7709890756500493
2.233311,-291.541687,84.99678,11.24979,0.4762327105201976,0.5306292957945566,0.5235892493775459,0.46635743138864727,-16.450312156544367,100.4380551065139,-26.858689816897478,0.5754573509871518,-0.879758342237171,-0.21254092689178064,-0.879758342237171
2.2666440000000003,-292.106293,84.317307,14.67514,0.48197150869354677,0.539545813028204,0.522743986733084,0.4509240565614147,-24.617308662946083,99.4270499648288,-29.485431265002596,0.4728658055103774,-0.9815789582481546,-0.3380825974363775,-0.9815789582481546
2.299977,-292.707611,83.527008,18.1035,0.48990697878052747,0.5470814635735274,0.5210012875437642,0.4350295193824471,-23.507820721897918,101.28419630724497,-29.968528131317633,0.2710304282553261,-0.8511585959816153,-0.3899094897951517,-0.8511585959816153
2.33331,-293.229309,83.075859,21.692089,0.4975121544241908,0.5495961210822017,0.5199363635372044,0.42437240457327835,-18.031630772598103,101.47162012507212,-27.097113081354816,-0.02517087253748575,-0.6163239204807698,-0.3366036222666985,-0.6163239204807698
2.3666430000000003,-293.594391,82.764633,25.110781,0.5058269865795874,0.5495665277880742,0.516607952608695,0.4186071123192081,-11.006896603928455,99.0148856960536,-21.83303961178344,-0.3406093686092415,-0.39384490378124176,-0.22117392417826792,-0.39384490378124176
2.399976,-293.791901,82.828423,28.463461,0.5136246216943327,0.5455455936044239,0.5126000771467707,0.4192981209083523,3.5310299334786857,99.9465054899441,-18.226269906767623,-0.5536369507354919,-0.08004868726665285,-0.1364248337989148,-0.08004868726665285
2.433309,-293.90451,83.510368,31.839491,0.5191655325017621,0.5388722185753907,0.5099771084159811,0.424272590207608,17.856947385580405,100.89551269841031,-16.174162325733295,-0.5069423908104671,0.049375455680922546,-0.06779685193603607,0.049375455680922546
2.4666420000000002,-293.979492,84.542198,35.16053,0.5228654271730173,0.5349384126540012,0.5075184403074601,0.42764199101851375,27.227501828017072,101.24766879234942,-14.924514539175409,-0.3256258704436906,0.09672243759278466,0.02684607438642873,0.09672243759278466
2.499975,-294.025085,85.85038,38.499371,0.5229579857256756,0.5322777308398238,0.5065475239957952,0.4319779720674211,30.836971649239377,100.92096615666973,-13.13510193942006,-0.21463533376123817,0.23479953225360076,0.17416759646635005,0.23479953225360076
2.533308,-294.024292,87.08857,41.776642,0.5201942926695926,0.530749796596825,0.5054240105740794,0.4384622227987537,25.776575732154644,98.50204474459578,-10.61097978712064,-0.1933609442401531,0.2843876170467777,0.3365597106118167,0.2843876170467777
2.566641,-294.019012,87.975502,44.98468,0.5166623119124713,0.5304320153672178,0.5026921562555634,0.44609699456717244,17.503469712390338,96.04991007215142,-9.364744023043079,-0.19691537824168104,0.28915921801995575,0.42581462586668123,0.28915921801995575
2.599974,-294.068207,88.562447,48.146801,0.5124958655009805,0.530190589335308,0.4999439849972514,0.45420473213050944,7.866555407523011,95.1526986243217,-9.219912785562359,-0.17693263598631712,0.2403822234460951,0.41259781855790745,0.2403822234460951
2.6333070000000003,-294.1745,88.712357,51.334881,0.5095454972247152,0.5306549839451229,0.4968367360965686,0.46034979302387835,-3.058204077476858,95.58145915261674,-8.79408000742639,-0.1640484720519373,0.1510731772092657,0.35393395268273203,0.1510731772092657
2.66664,-294.297699,88.490784,54.544479,0.5074683946707492,0.5309514905453384,0.49373581296573477,0.46560851591550734,-13.380613809278886,97.43169702542801,-7.4464219033597505,-0.19776225264372435,0.05323275325818222,0.3011619575424167,0.05323275325818222
2.699973,-294.403015,87.879272,57.853001,0.5074968674933125,0.5314415435532426,0.4893393572411636,0.46964221352538904,-24.209983273401335,103.051688585012,-5.077533394846076,-0.2887807841625999,-0.13860843656885463,0.22993309710100374,-0.13860843656885463
2.7333060000000002,-294.465515,86.867844,61.418701,0.5112387935148694,0.531979837269309,0.4827909458108785,0.47174702053899326,-26.931939107734152,108.30222653448965,-1.390544791713148,-0.33320644327263726,-0.061396811445463675,0.16346568744093162,-0.061396811445463675
2.766639,-294.428497,86.019058,65.057213,0.5118288525692637,0.5293655162426033,0.48016046102997795,0.4767067311820886,-18.08842263146777,113.23474875524323,2.672209058747316,-0.2661513483668423,0.3864298611107497,0.10217920864976095,0.3864298611107497
2.7999720000000003,-294.235992,85.538498,68.945457,0.5081040690659177,0.5229108515551801,0.4833303310493944,0.48454750790007833,-7.930208553942529,120.4869022646143,6.374585581413652,-0.11078382020196428,0.872465824151859,0.009706661326956025,0.872465824151859
2.833305,-293.9328,85.332649,73.073593,0.49949320072520864,0.5134988599724366,0.49292636288962205,0.49381075727924684,-1.804714992818888,124.44479828754456,7.2804799933691,0.09022905642201552,1.1540230908209237,-0.06107352417921742,1.1540230908209237
2.866638,-293.64679,85.280602,77.231827,0.4885868209521327,0.5043969181401535,0.5050558260059457,0.5017821040850858,0.9421587411250983,122.47248492417327,5.178679173058187,0.1676192337093183,1.0511774549923998,-0.0863024049280556,1.0511774549923998
2.8999710000000003,-293.432007,85.299004,81.230453,0.4804665872443326,0.4972398656487794,0.5143443988023716,0.5073009106753059,0.5323249561439242,115.99064707465402,3.8748054884034335,0.04252373718725432,0.7811786816197712,-0.12479790217697391,0.7811786816197712
2.933304,-293.20459,85.256264,84.956169,0.47662476314167723,0.48975509542951146,0.5203805829092154,0.5120281541009589,-3.9382211396861937,111.05203625550546,4.859501332369484,-0.167791154478761,0.6100550610900912,-0.2374762499747463,0.6100550610900912
2.966637,-292.931396,85.028328,88.623711,0.4766757037305351,0.480041807639185,0.5250478782998551,0.5163960320183756,-11.749204279695347,108.34535983286315,6.241064367608102,-0.32293176121100364,0.6117724798067485,-0.3758107449934841,0.6117724798067485
2.9999700000000002,-292.638611,84.552841,92.177147,0.47753521035213053,0.46749809578878,0.5305348688693238,0.521477138733445,-16.33043672858831,106.57777862530966,6.583794421207194,-0.37106036958943006,0.612412409787086,-0.4703835805099323,0.612412409787086
3.033303,-292.392914,84.128059,95.748322,0.4798084731898777,0.4551768376804566,0.5356805996283754,0.5250182574693967,-15.022547964592931,105.435672644856,6.500577508627222,-0.33592182625870226,0.4973465454240905,-0.49152233695032893,0.4973465454240905
3.066636,-292.196899,83.855728,99.242287,0.4823662783912882,0.44465834101921003,0.540082364599543,0.5271743285494359,-9.133745221344919,103.57581009395626,6.989007211433712,-0.22012370572576662,0.3483178058450429,-0.439582237622882,0.3483178058450429
3.099969,-292.042206,83.927856,102.683998,0.4845422348657595,0.43761950984080134,0.5439477102194595,0.527094750291633,-0.9818103532400518,101.0171206618687,7.697580224321856,-0.0747682108935806,0.2723372785062602,-0.3412429416011759,0.2723372785062602
3.133302,-291.913788,84.280724,105.977203,0.48452066892307977,0.4324842823070582,0.548151839796107,0.5269977490196929,10.438089324684604,100.13896426760115,7.947152477900395,0.058750834771365716,0.14744381480412744,-0.22697651040119826,0.14744381480412744
3.1666350000000003,-291.872101,85.167603,109.299599,0.4849959101880349,0.4318378211759022,0.5506415783682598,0.5244891948124772,21.639106174371612,101.06222119547515,6.88393448697917,0.14820253721268553,-0.047401835451825,-0.0992583890188719,-0.047401835451825
3.199968,-291.910187,86.291351,112.583397,0.484993238576601,0.4338875074490948,0.5514058632760043,0.5219911525681601,26.177657871900074,100.41481105589766,4.50819625347432,0.16939832767030102,-0.1851911423383149,0.06181116274121818,-0.1851911423383149
3.233301,-292.028595,87.458519,115.832298,0.48486878295055713,0.4389297485355571,0.5496949852792175,0.5196906409869615,25.626208940949688,98.74082321285945,1.6580863301950544,0.170744893025797,-0.32367616093305435,0.23841013908525832,-0.32367616093305435
3.2666340000000003,-292.188599,88.483391,119.016098,0.48428492146815805,0.4466124417457168,0.5456318577194622,0.5179684522807517,18.948680933432893,96.25944937448247,-0.7062226116187534,0.18224579562283977,-0.32014879567782456,0.3862223612709604,-0.32014879567782456
3.299967,-292.333893,89.115547,122.1521,0.48130901374265256,0.45442235157959465,0.541922616781367,0.5178434484434288,9.782821121323966,93.86766390968454,-2.003163454551769,0.2402207554164126,-0.26364153655102407,0.4513880954795461,-0.26364153655102407
3.3333000000000004,-292.439087,89.430298,125.232498,0.4776129206750736,0.4631667409300062,0.5387066423266669,0.5168729259824228,1.165415722365051,92.20463946468239,-2.9809152286224005,0.31733643620456786,-0.2021015775757928,0.41916463919856445,-0.2021015775757928
3.366633,-292.50769,89.395142,128.2939,0.47282256001143563,0.47048820911500017,0.5377072242151251,0.5157039973229384,-11.829573509871048,94.49871814085292,-4.8146123272292485,0.3357717155493335,0.12092666087322175,0.3016268015824244,0.12092666087322175
3.399966,-292.555908,88.77137,131.554306,0.4649942094512082,0.4717853672980357,0.5416532634396888,0.5175042942676307,-23.7057865916866,98.13416518881581,-7.333317938632224,0.17180640001301073,0.370533577166643,0.17507137541480194,0.370533577166643
3.4332990000000003,-292.604187,87.892982,134.871994,0.46042024060009007,0.4699297939211913,0.5436716177172787,0.5211529170211165,-23.85498446301354,97.91721363389885,-8.561907747224273,-0.14388667498391286,0.12714005822693086,0.13002240585573982,0.12714005822693086
3.466632,-292.704712,87.217888,138.114105,0.4626868835683477,0.46972636979894977,0.5390701089975447,0.5241005656118738,-19.843315993162804,101.94238571548911,-9.815849741967268,-0.2757954587128301,-0.21463918476156177,0.11419188450354573,-0.21463918476156177
3.499965,-292.934387,86.559692,141.689499,0.46659761337509215,0.4714751053080317,0.53375214232288,0.5245059988533823,-14.294272698115444,110.77130060855742,-12.307883722471198,-0.17330150488916046,-0.4801300462514586,0.07300157759394772,-0.4801300462514586
3.5332980000000003,-293.302704,86.211899,145.513107,0.47265951533618444,0.4767070815882115,0.5274064791580834,0.5207549775737987,-5.707829703111185,116.18163407688576,-14.304910607320771,-0.0396878797230959,-0.7637750808381212,0.01814684501004597,-0.7637750808381212
3.566631,-293.764008,86.111183,149.445496,0.4803165817939764,0.48440263643523734,0.520715648001468,0.5133276546171587,0.2015714452541706,116.70543921529556,-15.418955288333645,0.1079549998541208,-0.9153819202179176,-0.02900871877776639,-0.9153819202179176
3.599964,-294.240692,86.182877,153.304703,0.48729057138501375,0.49358417261809584,0.5150561735654708,0.5036265497889009,4.309689910414234,112.20693225769219,-16.471679680003934,0.2736453023970129,-0.9148983931400675,-0.04376997379827381,-0.9148983931400675
3.633297,-294.740204,86.397743,156.942795,0.49225747408854176,0.5034554116847922,0.5111709940777993,0.4928685853884173,1.221530352429524,103.53553255880448,-19.12686217973501,0.39893872266127955,-0.8351549375528341,-0.06655007872619619,-0.8351549375528341
3.66663,-295.3125,86.303703,160.240906,0.49592492672717836,0.5127222818935505,0.5090301231946733,0.4817288266036496,-7.547395600215457,97.10550402665353,-22.51550012988582,0.4628974512317492,-0.7541087244513988,-0.15942042786507335,-0.7541087244513988
3.6999630000000003,-295.962402,85.987312,163.481293,0.49970206002408196,0.5205117282330574,0.5088635510522705,0.46949257543649997,-17.010510181054702,94.25630751216357,-25.082137237004954,0.4802210157351872,-0.7341908530142145,-0.2929941510267592,-0.7341908530142145
3.733296,-296.646606,85.35038,166.634506,0.5046241540073312,0.5272332543840635,0.5093926223832553,0.45595911541001666,-23.314113660565553,94.54968406285593,-26.07123822968342,0.3840033035987888,-0.6152960008555888,-0.41453688557647683,-0.6152960008555888
3.766629,-297.307892,84.73278,169.945297,0.5097266397098554,0.5293103157276173,0.5116611825756424,0.4452102612021923,-25.364595988114086,95.48034146105006,-24.99944458788675,0.192550688206167,-0.46967751344293773,-0.46698355866864466,-0.46967751344293773
3.7999620000000003,-297.877899,84.082222,173.194199,0.5161753904524238,0.5295188827999209,0.5125173249439041,0.4364615798463324,-24.551898106134374,94.05460069851263,-22.135728917505695,0.00499702225827005,-0.43318687960710206,-0.4277091212664924,-0.43318687960710206
3.833295,-298.346008,83.618423,176.414703,0.5232681141253855,0.5283987653394014,0.5118367151732511,0.43012603098175134,-17.256672251913486,94.10609406443356,-19.57401211826835,-0.12636266199022034,-0.3631454301117297,-0.34920826502219965,-0.3631454301117297
3.8666280000000004,-298.722595,83.538147,179.626602,0.529611339442076,0.5265717690868192,0.5105301924861826,0.42613721228633517,-4.602570786564345,95.4717985486899,-17.651281064523953,-0.17689733136785668,-0.21964657185927192,-0.26281858405351255,-0.21964657185927192
3.8999610000000002,-298.996704,83.982826,182.851501,0.5338529469812686,0.5239322719642024,0.5100681441932522,0.4246486708716932,8.42779641460388,97.0043696538186,-15.813153065197682,-0.14344957876051276,-0.07945857406297145,-0.1817370229615029,-0.07945857406297145
3.933294,-299.174591,84.810432,186.062805,0.5360449240327122,0.522058781652502,0.5102643640487525,0.4239584256742532,20.218957506116368,98.51258697607884,-14.007154500817425,-0.08220808678052173,0.14740488072249894,-0.08734294348001992,0.14740488072249894
3.9666270000000003,-299.245514,86.05896,189.289505,0.5340045937999547,0.5188887903173345,0.5130543396986079,0.42704655671247843,24.92069748352656,98.56594760853972,-11.539542294152511,-0.03038289228813211,0.29640529993350806,0.05262739009018098,0.29640529993350806
3.99996,-299.254608,87.177841,192.459595,0.5307541577693952,0.5182005530206817,0.5141993942008865,0.43054290594899014,22.34603667145879,96.00135467371771,-9.714198337804833,-0.02165323885227218,0.33164347998017174,0.2108822328056394,0.33164347998017174
4.0332930000000005,-299.252594,88.193283,195.537994,0.5256566122172123,0.5173496248902155,0.514957299606564,0.4368677960667188,16.587645489558447,93.02052088621403,-8.83001481804356,-0.052535135493223015,0.3621373519874024,0.2946415426265747,0.3621373519874024
4.066626,-299.286102,88.844917,198.5625,0.5211564024332548,0.5170669755424802,0.5147014377965886,0.4428545776395499,8.175026708032181,90.28115665438682,-9.057121585420772,-0.03797363528384792,0.32960610716862854,0.2872235967660752,0.32960610716862854
4.099959,-299.385193,89.224716,201.521698,0.516417683310083,0.5167534797178982,0.5151734360058433,0.44819075001390174,-2.31513506748896,88.60199068636095,-9.694992787232412,0.010434513744429693,0.24231330028335396,0.2583397793164141,0.24231330028335396
4.133292,-299.529114,89.11689,204.4953,0.5129632894538132,0.5180699427753908,0.5145856541356356,0.45130234059134544,-17.83240297299786,89.46736188809875,-10.079117757650842,0.03287513224677147,-0.019431600708863142,0.24890792753640084,-0.019431600708863142
4.166625,-299.71051,88.418648,207.5784,0.5124379454874349,0.5218763639380705,0.5110364437563397,0.45154641615261315,-28.751781687586167,91.10363764411979,-9.934143987618876,0.016051294808023815,-0.2005379278079704,0.24908792122104192,-0.2005379278079704
4.1999580000000005,-299.893188,87.544533,210.691696,0.5123503979285732,0.5256049149200489,0.5070682303850975,0.45179459147763873,-30.02440718720693,94.23888123186602,-8.690425720342134,-0.09892304511120699,-0.13397044333496155,0.21509484439822615,-0.13397044333496155
4.233291,-300.001587,86.718193,213.968704,0.513198397669609,0.5258422813745445,0.5034924737499363,0.45454661875909924,-23.624847014355794,100.62799227890406,-5.164591637236492,-0.3221682915519747,0.2012752044774588,0.15317687297239485,0.2012752044774588
4.266624,-299.938904,86.230438,217.464706,0.5122738200857458,0.5195897296564651,0.5029209556748179,0.4633277009130862,-12.42750367083139,108.47658451845496,-0.2408131898301126,-0.4589954837184739,0.6760639958109718,0.10694553298839064,0.6760639958109718
4.299957,-299.724701,86.115051,221.217407,0.5081196967832257,0.5093129006163616,0.5060529665059847,0.4757364166186602,-3.7582271014092616,113.48312208135849,3.60702696212418,-0.37253631670664733,1.0145630493604063,0.09767966066290043,1.0145630493604063
4.33329,-299.465302,86.187477,225.023193,0.49991210774677736,0.4988160934103419,0.512514365302216,0.48846639069836345,-2.569296870486589,112.58573171330585,4.6968549837341795,-0.20479870360981828,1.0711148094804257,0.09019243834592199,1.0711148094804257
4.366623000000001,-299.239197,86.133324,228.715805,0.49178191149358275,0.490025297867466,0.519090409771212,0.49856885729172323,-7.303108938942961,108.5582817312214,4.495632735800082,-0.13861113984118192,0.8669920347053945,-0.010982615510226562,0.8669920347053945
4.399956,-299.015411,85.875343,232.262207,0.4873907520094347,0.4819789905568743,0.5246367722212484,0.5048789604952102,-14.49410199579781,104.06232199812987,4.966038718557484,-0.20165756637587845,0.715789790463105,-0.19928534289016017,0.715789790463105
4.433289,-298.756287,85.366463,235.669205,0.4858512500820435,0.4712116938086876,0.5305194988380516,0.510350040427436,-22.035753153231376,100.03675936848148,5.502946656833222,-0.30631479625016383,0.7215641641204715,-0.3561208532132108,0.7215641641204715
4.466622,-298.499603,84.676483,238.975296,0.4854883453385946,0.4584351076325565,0.5366917174738133,0.5158491242847352,-24.921613502717825,97.8034922953946,5.155498584770317,-0.34929152403908637,0.6809296864928411,-0.4210304049696232,0.6809296864928411
4.499955,-298.292114,84.063599,242.263,0.4862559288438034,0.4463282174759005,0.5419763161600455,0.5201999295180857,-23.21748483413522,95.32418319394134,4.671362825778656,-0.3338934246646673,0.6019504189051572,-0.4037248338762536,0.6019504189051572
4.533288000000001,-298.132111,83.568657,245.418503,0.4865897828917928,0.4353000965789867,0.5466738537674869,0.5243013510478941,-16.836459933056343,93.22911876389993,4.911737140381308,-0.23219228473179732,0.47696149813192823,-0.3512207456704541,0.47696149813192823
4.5666210000000005,-298.016113,83.448486,248.551193,0.48709273401609776,0.42784562408911236,0.5507739944931658,0.5256774651880783,-4.7843728559990595,93.23216147586828,5.654922333839692,-0.05279522700462861,0.2574196578384207,-0.2878803915510923,0.2574196578384207
4.599954,-297.963104,83.820999,251.646103,0.4876736190641175,0.42465819831847873,0.5540479394298797,0.524281161861948,8.398048243360353,93.2065331253937,5.742561938815,0.10048124331554387,0.07774281292170347,-0.1911052683056287,0.07774281292170347
4.633287,-297.983887,84.618752,254.691193,0.48757707417921525,0.42459340131150075,0.5565019171862241,0.5218186049439247,19.374159562060942,93.5072697061086,4.526053039639869,0.20867877685681693,-0.0799982913388387,-0.0581807168597517,-0.0799982913388387
4.66662,-298.103607,85.730202,257.725098,0.48721251089620793,0.42835878341940326,0.5571967703812132,0.518328545394142,25.53924038443265,93.44235290719676,1.9101374150591153,0.2913780475565228,-0.25623176688350835,0.11540556774575442,-0.25623176688350835
4.699953,-298.300293,86.907928,260.722809,0.48617034278871757,0.4358857863431148,0.5557140789598589,0.5146103783470958,25.39997137447748,91.52572024253894,-1.2310296535468233,0.33714578650419724,-0.3830900450028578,0.3198273882883382,-0.3830900450028578
4.7332860000000005,-298.531311,87.937019,263.645508,0.48390916658189786,0.44630438064886024,0.5521079594204782,0.5116845898170141,19.525593224688684,88.72597849093985,-4.00011177015564,0.34637160384108284,-0.3622487792982823,0.4844898034637349,-0.3622487792982823
4.766619,-298.752289,88.619827,266.520905,0.47941988943444214,0.4565662653667013,0.5485701842983521,0.5106609127813116,11.957435359879492,87.09453642215206,-5.365965890428837,0.3446181419312267,-0.25651356573043427,0.5170382046516286,-0.25651356573043427
4.799952,-298.919189,89.040176,269.399506,0.4745604108792288,0.4656376561259784,0.5460133170694736,0.509748415599728,5.436266956027256,87.13376995137845,-5.780244213820425,0.31835733766557084,-0.17923508733327798,0.4068750796813903,-0.17923508733327798
4.833285,-299.0336,89.206383,272.317413,0.470840609062613,0.4720655414628077,0.5448443043680992,0.5085350817973288,-7.119947118715106,90.68942943909916,-6.946555596023363,0.2499177621521599,0.08906962968497605,0.2179438485873116,0.08906962968497605
4.866618,-299.111694,88.742203,275.471313,0.4653192150659364,0.4720115277103772,0.5482219124515849,0.5100351757544408,-20.934240082138434,94.6260162471833,-9.365173790289637,0.078467064125284,0.3578348172366574,0.07516070900388923,0.3578348172366574
4.899951000000001,-299.212891,87.962143,278.685486,0.4617891657309422,0.46857244973919354,0.5505458026924069,0.5138968232016081,-21.414275215475435,93.01960140813777,-10.783676937731542,-0.22983695170473145,0.15125751535045315,0.059160695676010004,0.15125751535045315
4.9332840000000004,-299.375397,87.435173,281.734894,0.4651184899735786,0.4669670428390256,0.5456875425619079,0.5175245666435744,-18.290371347578823,94.50292975792838,-12.221104092997166,-0.41881554001101085,-0.2212118322723253,0.05091396481613072,-0.2212118322723253
4.966617,-299.682495,86.825233,285.036011,0.4714453744541263,0.46681322248843155,0.53908944972602,0.5188518472645844,-14.826665556065947,102.6059197665779,-14.246494875009267,-0.3897853937758232,-0.4709751619171811,-0.035082149404891766,-0.4709751619171811
4.99995,-300.103607,86.517036,288.612091,0.48024187134903257,0.46834540273772307,0.5320780998925202,0.5166364527909201,-7.081916957580117,108.92026576812917,-14.84689235940749,-0.21631105816131818,-0.6863491670724772,-0.10053438708403369,-0.6863491670724772
5.033283,-300.604309,86.456261,292.312195,0.4887163375976213,0.4733774574071125,0.5259363653517254,0.5103538613399152,1.63701936760164,109.41792767382367,-15.153038204073866,0.0599531698435547,-0.8334220939561285,-0.04549691458516096,-0.8334220939561285
5.066616,-301.125702,86.776367,295.901093,0.4946665256628066,0.4826886478117666,0.5202249038932937,0.5016799248839336,9.425258668314271,104.32575280262833,-15.953450435959834,0.2797795741230339,-0.9104055950511231,0.08809209808598624,-0.9104055950511231
5.0999490000000005,-301.6539,87.249657,299.252411,0.49851484705143567,0.49472840410108687,0.5141725221413558,0.49229398830340443,8.503031682675903,96.93785094661396,-18.074852054539114,0.32946678645622207,-0.9112911638771028,0.15853777285940282,-0.9112911638771028
5.133282,-302.222198,87.49395,302.367889,0.5022581592818492,0.5058415630804518,0.507882953189029,0.4836485918051705,-0.6562681209543615,91.43864573758846,-20.886271116493052,0.28701340938317094,-0.870893411635888,0.09213453567762306,-0.870893411635888
5.166615,-302.875702,87.353844,305.384003,0.5069406230517949,0.5151398609489917,0.5026735994599857,0.47430093903264997,-12.93986836023187,88.30896737588719,-23.282257773162833,0.2991898260032135,-0.9047685440156681,-0.06234585900848869,-0.9047685440156681
5.199948,-303.592407,86.816757,308.324097,0.5132489308385376,0.5241388551067557,0.49837860428832864,0.46203112703376914,-20.61144143500061,89.10722811798584,-24.249160235926006,0.27757418327038075,-0.8375410944127603,-0.25098955287960734,-0.8375410944127603
5.233281,-304.304413,86.249817,311.428009,0.5198945559012352,0.5286428140791791,0.4970292350362756,0.4507863855374946,-22.98262190501588,91.4150015997963,-23.216505012330636,0.14655357929680787,-0.6514674949233275,-0.3841074521872448,-0.6514674949233275
5.266614000000001,-304.936401,85.661858,314.548492,0.5272436119336006,0.5301166451200177,0.49607172064983823,0.4414786112751293,-21.93912723144757,91.78050974756536,-20.154189009627146,-0.015082368690733173,-0.49583501815403586,-0.38376807540635083,-0.49583501815403586
5.299947,-305.439087,85.256828,317.681702,0.5340231253871457,0.5293445649611976,0.49488956327094674,0.4355432851775779,-15.617724061398015,92.0160746503957,-16.65192162337225,-0.12546983069569365,-0.33508353584342104,-0.2907930593801123,-0.33508353584342104
5.33328,-305.810791,85.150322,320.787109,0.5392180664100837,0.5279622921100187,0.49342699932720446,0.4324690639824508,-4.229574384795868,93.00158830829177,-13.943345141157259,-0.16418092126978745,-0.155318934472334,-0.17913434717153692,-0.155318934472334
5.366613,-306.058685,85.535362,323.920502,0.5420566056344828,0.5256934540957677,0.4928903216813013,0.4322963791217633,9.963774976640074,95.0003723527416,-12.003757431108605,-0.16184796648297234,0.05508430011253719,-0.08188369837641725,0.05508430011253719
5.399946,-306.195007,86.386597,327.073303,0.5423289893320322,0.5228988793777406,0.4935249064216593,0.43461384701490136,19.570482358542804,95.95564785986568,-9.94472214768857,-0.12683890150069355,0.16451002277600357,0.033039355125392335,0.16451002277600357
5.433279000000001,-306.252594,87.397568,330.209991,0.541082402512846,0.5215607656352689,0.49345082351204295,0.43784756047757684,22.996971944157313,95.47197197891117,-8.087180219134918,-0.09963852189331415,0.2271422436405216,0.18582630228010705,0.2271422436405216
5.4666120000000005,-306.270111,88.435112,333.314209,0.5376045407912615,0.5208350047229836,0.49292901174668197,0.443546215127878,22.598000830310973,93.3586674655347,-6.476550776425219,-0.09357319254566668,0.338392023020162,0.3467025754846402,0.338392023020162
5.499945,-306.271698,89.340874,336.326813,0.5320078149319271,0.5205646579807242,0.49210009326029197,0.4514616483445524,16.580116884070424,90.5710039371643,-5.162632925771243,-0.06376785988986321,0.35697202776534687,0.44272476171287056,0.35697202776534687
5.533278,-306.299591,89.874336,339.29129,0.5261950099067564,0.5215959530084174,0.49061913477616304,0.45863857005921205,8.637120531552373,88.47470811522709,-4.881795967489738,0.0028447834659938286,0.34801914944564744,0.42800281774188703,0.34801914944564744
5.566611,-306.367188,90.15316,342.205414,0.5197254576302386,0.5222951323873691,0.49080781024294773,0.4649741248499989,0.34009611919598176,88.58526321118244,-5.002665961572843,0.0639564623225291,0.2883070501202963,0.3269022371250951,0.2883070501202963
5.599944000000001,-306.456299,90.055763,345.201508,0.5153113644153277,0.5235967553696599,0.4909261250425875,0.46828642434032547,-11.532138309023189,92.7692050883209,-4.575138585445726,0.045527684910176475,0.05126506273457805,0.2014712776311884,0.05126506273457805
5.6332770000000005,-306.537506,89.492302,348.407593,0.5149532845037736,0.5255800598157776,0.48888861337415823,0.46859005454225355,-20.743681299039437,97.71271081874248,-2.634383941730728,-0.05813081389790528,-0.08941980466534233,0.11886206229622781,-0.08941980466534233
5.66661,-306.541901,88.746872,351.732697,0.5159303410571423,0.5259325695582655,0.48640085598914395,0.4697073799159739,-18.80008807219528,100.8538831933914,0.7909454079623512,-0.1502890117273598,0.08549691946799336,0.07674981271571057,0.08549691946799336
5.699943,-306.411011,88.276337,355.136993,0.514995327337793,0.5228963073892923,0.48665586209911355,0.4738410455241828,-12.388331990921555,106.1076186733445,4.896185031537383,-0.17248620191746206,0.419144057385695,0.020262128371059524,0.419144057385695
5.733276,-306.132599,87.927277,358.802887,0.5117978690941171,0.5166602754434335,0.4904998809629283,0.4801405708173281,-5.554988623174131,112.79321218904293,8.051302651942422,-0.049676443043643395,0.735478332046317,-0.021978587371934463,0.735478332046317
5.766609,-305.781006,87.913597,362.649597,0.5041485865517666,0.5098891826533721,0.49875786158923713,0.4869166454269799,3.0944549010526528,114.59245123402333,8.721401799780997,0.13463529209665168,0.9525425909347902,0.007072114459774278,0.9525425909347902
5.799942000000001,-305.410706,88.161659,366.429504,0.49353859091472657,0.5035596383806511,0.5085506551978128,0.4941898228107588,6.547173672424157,110.45657008860846,8.83114023390807,0.13451098865565345,0.9873492207567933,0.044132072772272816,0.9873492207567933
5.833275,-305.015503,88.385811,369.994812,0.48443927429016415,0.4965981641773523,0.5164870069355718,0.5019462366903822,4.913083023954089,105.20876402205587,9.878580376632122,0.006617172811592779,0.8628075755189978,-0.025163453633435102,0.8628075755189978
5.866608,-304.578186,88.533768,373.422607,0.4790171382060017,0.4888190252666588,0.5230318785442846,0.507972632991899,-2.456762087753352,100.84829192257595,10.689985676522161,-0.12105734741052093,0.8259800198554682,-0.17720198742305812,0.8259800198554682
5.899941,-304.128204,88.307907,376.6987,0.4749944426396878,0.4775727214000096,0.5304931564028178,0.514666480592798,-12.44555121190137,98.50034983199079,9.792898636278702,-0.21811865499121308,0.8299006602916574,-0.34167494894924927,0.8299006602916574
5.933274,-303.734711,87.860497,379.985413,0.47367759838795354,0.4650889787486973,0.5378700064120537,0.5196322072718467,-19.99027574311281,96.83571818538445,7.833280107765158,-0.29237932481070733,0.7631626876123703,-0.47425925412841274,0.7631626876123703
5.966607000000001,-303.399689,87.223488,383.180786,0.47405320465701145,0.4512299825909601,0.5448235153988504,0.5242445984784375,-20.91397775637341,95.80200626914107,6.5539278832321015,-0.305363861022992,0.6188975188803661,-0.5354952644307781,0.6188975188803661
5.9999400000000005,-303.136688,86.820023,386.4263,0.4764098471964187,0.4397450732441216,0.550391854522115,0.5260482245265297,-15.39104615273977,95.15286010814027,6.028628276862443,-0.2023911674773794,0.43126928429193273,-0.48679282212459685,0.43126928429193273
6.033273,-302.948395,86.656158,389.578308,0.47766215287205427,0.43154072071405974,0.5552800986476277,0.5265695453832333,-6.324682860965426,94.01433452359637,5.377690208471508,-0.004546485671392253,0.22670845304377543,-0.34756313600004035,0.22670845304377543
6.066606,-302.860504,86.925194,392.711304,0.4783954586758528,0.42927490320048245,0.5589396607279172,0.5238771786076365,4.760423915536519,94.09704140027799,3.9892076839804362,0.21982517613603195,-0.01696422155609625,-0.20349493826074855,-0.01696422155609625
6.099939,-302.875702,87.531891,395.803314,0.47838366921630887,0.43154871522483895,0.5617570330237315,0.518983436405543,14.38845157053653,94.36833761323608,1.9088394926938812,0.3731454670260365,-0.23985105294796316,-0.07712977941147167,-0.23985105294796316
6.133272,-302.971588,88.447159,398.890808,0.47884122853106914,0.43791902850213377,0.5626654003189452,0.512196885600181,17.755927168603808,93.5828306526384,-0.6846024738099518,0.402727402694569,-0.3290998467165929,0.06641498612643162,-0.3290998467165929
6.166605000000001,-303.093414,89.261192,401.909698,0.47754770123127643,0.44484480412822747,0.5624154786756346,0.5076909715908877,15.832661338355148,91.21328051037462,-2.7987892041851805,0.33742285724455756,-0.3336920807370589,0.23600176136961723,-0.3336920807370589
6.199938,-303.218292,89.999359,404.862,0.4760946446293202,0.45335644400969555,0.5595582925939483,0.5046744903593905,10.766768827433976,89.22971214075531,-4.182542844028818,0.2587932487369243,-0.2802854562711791,0.35253791327041095,-0.2802854562711791
6.233271,-303.307404,90.406342,407.793701,0.4729408359748131,0.4602483291921455,0.5570012914730993,0.5042301086216321,5.432893411438705,87.408824841693,-4.584287447351465,0.19625862623548096,-0.23919507994464637,0.3506857132001065,-0.23919507994464637
6.266604,-303.359406,90.714539,410.662811,0.47163172601079684,0.4669825455010859,0.5537073860672616,0.5028905923080718,-1.2031270770420952,86.88860063281909,-4.7313294595029785,0.15536942993965425,-0.17221201697845373,0.24441236690729956,-0.17221201697845373
6.299937,-303.362915,90.626389,413.590912,0.46961452136545445,0.47009922874689997,0.55310650666044,0.5025356790757742,-13.271108039983154,88.88705839726467,-6.019456795358684,0.08663283410378106,0.06003573327790055,0.12964762146636688,0.06003573327790055
6.333270000000001,-303.369385,90.104607,416.636597,0.4669964134258968,0.4697240643620658,0.5540677284767133,0.5042644201876488,-20.297794719447833,89.7265681725399,-7.689692928052919,-0.07849206933134074,0.07934003324030385,0.11151679836405717,0.07934003324030385
6.3666030000000005,-303.408905,89.52317,419.645294,0.4675027056497046,0.4696023243617482,0.5512749207228427,0.5069623644278465,-18.442674528266398,90.32981413003006,-8.500786455624425,-0.2512878897764131,-0.15539998135636005,0.14679438240688814,-0.15539998135636005
6.399936,-303.518097,89.08783,422.722687,0.471294826282148,0.4711216174222711,0.5450901684542537,0.5087261705196778,-16.588960896568057,96.39309846648253,-9.93452176307409,-0.23136997926041095,-0.34590470565412434,0.11953249472706556,-0.34590470565412434
6.433269,-303.723907,88.598953,426.126312,0.4753954586444356,0.47400647570325793,0.5400421107724768,0.5076135710203497,-11.462084532909726,102.78870956988868,-11.608424673352195,-0.08229793660269986,-0.5885341009892171,0.06811669316940487,-0.5885341009892171
6.466602,-304.011505,88.494148,429.617889,0.48200856405444426,0.48097357043700056,0.5332635738550454,0.501958294600857,0.386809507188718,103.90314427616505,-12.073589617321721,0.07321231243204238,-0.8407076152502335,0.07790928540169252,-0.8407076152502335
6.499935000000001,-304.326813,88.798347,433.070801,0.4878458758239585,0.4906179575682677,0.5264936841596111,0.49406965267372566,8.303445239990772,100.1517674103124,-12.890147871479586,0.27269694090328034,-0.9098767392063597,0.12595340371143005,-0.9098767392063597
6.5332680000000005,-304.662415,89.214088,436.302307,0.49143067688045455,0.5025904731484387,0.5208869860596705,0.48432990190047026,8.981175717054752,92.35308858249802,-14.871475984578929,0.42537252785085133,-0.8859163435415711,0.13424160606561023,-0.8859163435415711
6.566601,-305.031311,89.544312,439.251007,0.49393823037524426,0.5142222552164899,0.516604803784155,0.4740463833012273,3.4864837105172257,85.06939252315664,-17.070134905167688,0.4358140306811546,-0.8014102568612588,0.07178953180711957,-0.8014102568612588
6.599934,-305.436798,89.590263,442.026886,0.49664186921817555,0.5236809188884312,0.5133647753296948,0.4642862870927127,-6.600318907496541,79.59290496058573,-18.79909938930234,0.38052951124748363,-0.798345985045301,-0.0007115136151065268,-0.798345985045301
6.633267,-305.892212,89.267487,444.645599,0.5009599601182841,0.5328558812834729,0.5092822143490566,0.45358059293539227,-16.864184844262933,75.87848360717463,-19.437504415835193,0.3379186911753011,-0.8515432594382042,-0.07999640101375953,-0.8515432594382042
6.666600000000001,-306.356201,88.666786,447.207001,0.5063038699682584,0.5408387589271348,0.505674689551706,0.442089285602023,-21.46113899224415,76.41848853994188,-18.841807504650415,0.2719609648724409,-0.7321697045522816,-0.21280492918110447,-0.7321697045522816
6.699933000000001,-306.769897,88.093513,449.882996,0.5115584599943518,0.5446738985202131,0.5047944118985794,0.43222781955233613,-20.674890074508273,78.84079172477166,-17.065788021569528,0.15635845268343218,-0.5175780149721343,-0.333548271065776,-0.5175780149721343
6.733266,-307.074402,87.610428,452.609589,0.5169918439400837,0.5453627011030806,0.5051698693494124,0.4243846847454343,-16.642190361682363,80.32124665180046,-13.912785476104297,0.020243033201661324,-0.33481832846358633,-0.3553347067483848,-0.33481832846358633
6.766599,-307.226501,87.361397,455.362,0.5218659722563932,0.5437873877877789,0.5057812032623361,0.4196862617603019,-7.865452302078599,82.18984673244059,-11.007196077269224,-0.09947174436838073,-0.1328725804169562,-0.285392952687757,-0.1328725804169562
6.799932,-307.254211,87.505836,458.158691,0.525034551581222,0.5406871116038002,0.5066469008694658,0.4186945005977635,2.477738580944933,83.49907768633503,-8.803397776529577,-0.14592127168446947,0.05167818316586557,-0.16849338451270984,0.05167818316586557
6.833265,-307.179596,87.968918,460.928589,0.5259768254350548,0.5376691005404559,0.5076878836781726,0.42013489523682424,9.611519043874726,83.04337838155648,-6.557107644086731,-0.11257322154611855,0.15649255144304655,-0.04506319894846202,0.15649255144304655
6.866598000000001,-307.025299,88.580482,463.639893,0.525035318867665,0.5357597040670375,0.5086221037244975,0.4226144922294978,14.548715890648483,82.02797747857414,-4.660943518961511,-0.059421044559994994,0.2670079809081067,0.0638616431694097,0.2670079809081067
6.8999310000000005,-306.811096,89.34494,466.305603,0.5216047397513138,0.5339435762407387,0.5103766230932761,0.4270227809615294,14.436603450848958,80.61672424900816,-3.541203896455389,0.012630467233451018,0.2664884067978451,0.1612949994037032,0.2664884067978451
6.933264,-306.613586,89.9123,468.924103,0.5179849726909673,0.5349341178638825,0.510568294894411,0.4299500829865506,9.117853332221031,79.21075563931646,-3.678688429653495,0.12091281774172341,0.1533170905492484,0.23570692531741047,0.1533170905492484
6.966597,-306.454987,90.282112,471.531494,0.5134590029118687,0.5378428558800122,0.5105513397661718,0.4317664231625113,4.913133159724754,78.1071240555687,-4.569527364405455,0.23038497634007873,0.1578904060986398,0.26077470060064806,0.1578904060986398
6.99993,-306.329193,90.524452,474.106598,0.5074097994041461,0.54103763557786,0.5119063682386796,0.4333191001025092,0.756190083616314,76.73751763137462,-5.267581043050213,0.2950145620906544,0.19178247704763388,0.23120960042927355,0.19178247704763388
7.033263000000001,-306.212891,90.568871,476.645813,0.5015274628215374,0.544008508023806,0.5138872229276353,0.43410237196452517,-5.949536881629725,76.6789417606169,-5.043900616706233,0.27648492773411837,0.11291800588408729,0.16594288983050892,0.11291800588408729
7.0665960000000005,-306.066711,90.323036,479.234192,0.4980674757662429,0.5468755029609834,0.5147924532954566,0.43341054887376657,-11.777980691535626,78.21568019289073,-3.9872721969097995,0.21017923747155695,0.03392437863569453,0.10877531642383038,0.03392437863569453
7.099929,-305.864502,89.950394,481.877686,0.49554511400516715,0.548877180455935,0.5155066709404157,0.43292234058348017,-14.38397007408554,81.62875492259806,-2.46449225627989,0.12747183598371073,0.057260175546939775,0.06687717285174771,0.057260175546939775
7.133262,-305.573914,89.508102,484.679688,0.493788005765812,0.5493058562284124,0.5163559880666766,0.43337394391296685,-13.101161695773069,87.37825541176488,-0.13952539205015588,0.06182184543140011,0.21646366598944514,0.02099131778346108,0.21646366598944514
7.166595,-305.141907,89.203758,487.675598,0.4903767522394128,0.5471207567781569,0.5195704011027987,0.43616065464860454,-6.72679132980701,92.814637348162,2.543136012698736,0.07491217164974948,0.5444519781275502,-0.012184718975988568,0.5444519781275502
7.199928,-304.571289,89.176163,490.795288,0.48314034966676017,0.5423709551989049,0.5265352758990955,0.44178020860420153,-0.03331377359844692,96.03171229965207,4.576057526241373,0.11253966418898126,0.8020728337404622,-0.025084761881424344,0.8020728337404622
7.233261000000001,-303.916992,89.320129,493.965698,0.47462110361449655,0.5366665532116458,0.5345826805842471,0.4482690891496427,3.043181606135198,96.3036845024139,6.239203155740551,0.07331716431988698,0.82113405639678,-0.04411205325724355,0.82113405639678
7.266594,-303.202789,89.508163,497.076202,0.4678666141984954,0.530487206651089,0.5414216793752136,0.4544741136747884,-0.10417510250668972,92.26811689933245,8.40931564171877,-0.044728176944421265,0.8041563192413459,-0.07998373875632274,0.8041563192413459
7.299927,-302.445099,89.45887,499.962799,0.46210446949742606,0.5223360669018869,0.547852257566331,0.46204155263725377,-6.744872982149511,86.15791647620347,10.063647728717251,-0.10919281460374361,0.8788298679128131,-0.11677903191570163,0.8788298679128131
7.33326,-301.692413,89.231758,502.669586,0.455506834672901,0.5131257036210936,0.555296401432367,0.46995897949278015,-11.659707960042821,81.6909292098796,9.210918637026039,-0.03173527965180663,0.9079600093479326,-0.1505983684325884,0.9079600093479326
7.366593,-301.020996,88.889091,505.281403,0.4482051480899575,0.5048488414804672,0.5637214378688677,0.4758759638482967,-15.814007807445163,77.5004052411312,5.984952104331751,0.12624622468635413,0.8302720659032373,-0.19348426562883314,0.8302720659032373
7.399926000000001,-300.468994,88.408386,507.747986,0.4408589072672483,0.49821580573763213,0.5729688982221645,0.4786763796829843,-15.60720780753276,74.92859204666684,1.9624158738572737,0.3442268208145449,0.5890992933864616,-0.24886008904255344,0.5890992933864616
7.4332590000000005,-300.029388,88.096497,510.225098,0.4352220748246091,0.4957703858148953,0.5820205892442525,0.47544242956438504,-10.807458954008705,73.70089604994578,-1.9213073502274802,0.5855648659264542,0.3162251156954145,-0.2437966298333017,0.3162251156954145
7.466592,-299.698792,87.955589,512.634521,0.4289044873436105,0.49696185116811475,0.5908559177911323,0.46899802092468795,-3.7939379254884047,72.03904178434625,-5.394139784972868,0.7861760619911256,0.16037747295506685,-0.13216409799477555,0.16037747295506685
7.499925,-299.456085,88.117844,515.013489,0.4210948999962443,0.5018858717669011,0.5987761870110485,0.46071328913592297,5.215483522808885,71.34453438648194,-8.116493588422111,0.9421447626941184,0.028144357095566272,0.019477374322210066,0.028144357095566272
7.533258,-299.257904,88.570709,517.374023,0.41226842807252484,0.5101248960177934,0.6053724704561351,0.4509229487299138,10.847985130199325,69.62076827840859,-10.928198655848856,1.0457152344602167,-0.04267283187510747,0.14865180185084922,-0.04267283187510747
7.566591000000001,-299.114899,89.080353,519.656006,0.4019304185777508,0.5198828244059712,0.6113631669042567,0.44091820745165633,13.76635804851016,67.5189863129561,-13.78845596227262,1.1358858034738064,-0.1143129685959575,0.23177890214300662,-0.1143129685959575
7.599924000000001,-298.990295,89.685867,521.916382,0.39149220744423463,0.531723611184875,0.6164928166934996,0.42888280425341274,14.231195961087332,65.35082266383274,-16.74204627061332,1.2181544739258123,-0.1905451428405945,0.289013963663841,-0.1905451428405945
7.633257,-298.8909,90.185822,524.111816,0.38011539773248754,0.5444269404496108,0.6211523091561485,0.4162708250037867,9.772829348706294,62.13261583149784,-19.926973505788247,1.2561536154759023,-0.14427988854764606,0.3479647219765852,-0.14427988854764606
7.66659,-298.806091,90.446701,526.244629,0.36685462135855673,0.5568401535791813,0.6257746864260803,0.4046637764590806,5.579718142796365,58.86375931385315,-21.58574222787425,1.2644442119647854,-0.11129579703689764,0.39891915144719126,-0.11129579703689764
7.699923,-298.6716,90.620064,528.279785,0.35358647465934556,0.5697058995046989,0.6294381925055733,0.39270772187828773,4.2757187483684564,56.04849107220746,-21.532585756963737,1.2358057552324808,-0.11831219800288699,0.4146388729330153,-0.11831219800288699
7.733256000000001,-298.473999,90.757507,530.231689,0.3404511078014753,0.5816642159050692,0.6326962795573958,0.38138589508071574,3.875107750255057,54.350358664004794,-21.673120878142228,1.1390873770716676,-0.1110662001425848,0.3664890653096629,-0.1110662001425848
7.766589000000001,-298.232788,90.869728,532.156372,0.32920356980162385,0.5918020345067583,0.6355850853468158,0.3707114253273157,2.3623577968264864,54.48373910317683,-24.047003891405268,0.9883830794560641,-0.0896803335830233,0.25341115123978486,-0.0896803335830233
7.7999220000000005,-298.015411,90.873291,534.176819,0.3197420040243487,0.5990196690799178,0.6389623510381882,0.36147973784657733,-0.671459317589391,56.17763583183295,-28.26158158006035,0.853668285519986,-0.023294289955835348,0.13493389989102786,-0.023294289955835348
7.833255,-297.813904,90.755203,536.326416,0.3110384108448168,0.6040717931238253,0.6429467574973816,0.3535135679926593,0.5446613380197473,57.28906098613806,-30.08105447458284,0.7849768378545685,-0.008222194016695897,0.08373612624395374,-0.008222194016695897
7.866588,-297.549988,90.828796,538.465271,0.3031283192567457,0.6090537526546118,0.6464453971448288,0.34536226914962775,7.025154476154682,55.968144158354185,-28.308189195814087,0.7843622830853667,-0.1312646362025802,0.09881160649311593,-0.1312646362025802
7.899921,-297.225403,91.149193,540.473816,0.29680137389107036,0.6156277677164048,0.648633902328401,0.3349409751331114,10.945419093084139,52.71036600604909,-26.598488500958943,0.8430270904794762,-0.3153801492148815,0.1410694068050884,-0.3153801492148815
7.933254000000001,-296.904297,91.496117,542.359192,0.29106224312486584,0.6239421135612407,0.6498186341198077,0.32204774848230344,9.623554422976934,48.247355305332114,-27.14496341375626,0.9648809112548727,-0.47125462650534883,0.2015621635484033,-0.47125462650534883
7.9665870000000005,-296.665314,91.734489,544.131104,0.2847593817816957,0.6343718788718022,0.6501849657713384,0.3061762957331762,4.390961329964326,42.924247623070784,-29.173047230246965,1.166326793467824,-0.5848793540009068,0.25208854760900135,-0.5848793540009068
7.99992,-296.528015,91.738869,545.80249,0.27647704348734453,0.6463833865762793,0.6507781186224816,0.2867695979438207,-4.197752812068967,37.4336296666579,-30.910957988374083,1.3882318295233704,-0.7099686514513456,0.22863577562848367,-0.7099686514513456
8.033253,-296.463806,91.421822,547.358215,0.2680369734513251,0.6588409499299474,0.6519172165545788,0.2628473441337933,-11.97399778983991,32.94667488723235,-30.92024141583434,1.471339407050797,-0.7833446862610214,0.12842086959755453,-0.7833446862610214
8.066586000000001,-296.394501,90.948387,548.813782,0.2600701073843871,0.669194797709655,0.6538644778978445,0.23875323350016975,-13.457982762781853,30.739208171652155,-29.416867439588327,1.3302100777441774,-0.614875148005092,0.02675177919852573,-0.614875148005092
8.099919,-296.246307,90.575783,550.202026,0.2515932086856063,0.675945206333703,0.6566719035139359,0.22041085842841968,-10.561159457396759,30.17316040346739,-26.92794821233625,1.066610304160611,-0.2922920595558149,-0.021512238009388306,-0.2922920595558149
8.133252,-295.988403,90.314133,551.496582,0.24262243423077845,0.6798893444758025,0.659805478571224,0.2086661547151176,-6.891549596757302,30.606969676213065,-23.697317076763156,0.8642692788047598,-0.01225215980618365,-0.03847399138641682,-0.01225215980618365
8.166585,-295.595703,90.179619,552.710022,0.23255175440779158,0.6821947496431116,0.6634763691133118,0.20082109627588177,-1.6544649443114288,31.865035036998957,-21.00238905887142,0.8372623199741969,0.1686782022189273,-0.053430997270179185,0.1686782022189273
8.199918,-295.083801,90.250832,553.876282,0.2202060345316463,0.6840527305682375,0.6679169277098416,0.1935668924083663,2.538052459146053,32.65532173808049,-19.376970196899425,0.9678012080758682,0.19367306961648406,-0.051863077919388725,0.19367306961648406
8.233251000000001,-294.508514,90.38031,554.99353,0.20649821896773124,0.6868625290445348,0.6722937546460568,0.18330155269830126,5.0868698541105815,32.87518847085747,-18.37127633558781,1.1347499118045368,0.15537396975763493,-0.02863796696438968,0.15537396975763493
8.266584,-293.864288,90.611687,556.067383,0.1909111794911185,0.6902405074513414,0.6765440637768263,0.17149079621647975,8.451384864676168,32.968855929287265,-17.443995126007927,1.2362292462728257,0.1791457377351614,0.0018020028517750236,0.1791457377351614
8.299917,-293.160889,90.954376,557.080383,0.1740032311813857,0.6937304134101343,0.6804435611154225,0.15955422020367815,10.414295564669269,32.33259410634542,-16.252656105989075,1.270083124090099,0.19253319510378586,0.02776106840028376,0.19253319510378586
8.33325,-292.429413,91.303047,558.007812,0.15702918520359185,0.6972102038185857,0.6837711397486328,0.14729832019543843,10.433918196951904,31.210067164333434,-14.943924580860305,1.2719830160279846,0.17649063011059254,0.037305382413814654,0.17649063011059254
8.366583,-291.67691,91.634781,558.852478,0.14023950232071156,0.7003736312615262,0.6867472813708435,0.13486226363270926,9.913211550730008,30.506921732942192,-13.73105118956853,1.2619310027900705,0.16154150113383858,0.029012609733708578,0.16154150113383858
8.399916000000001,-290.885712,91.938606,559.627686,0.12374365783820705,0.7030506378447002,0.689525193933629,0.12232054080068586,8.387405658938778,30.96627741676368,-12.66722320926392,1.2326654694952188,0.10703925709461667,0.0071447956376194085,0.10703925709461667
8.433249,-290.01651,92.160156,560.354004,0.108867422277078,0.7051983183178645,0.6920595043361005,0.10907272191740246,6.024983172243454,32.64157105687424,-11.703821340049362,1.173640338057127,0.021670333846860578,-0.010272717387391396,0.021670333846860578
8.466582,-289.04361,92.302162,561.03479,0.09569752205078604,0.7070107611993371,0.6941288637275794,0.09572297718903733,3.021524458461554,34.804386821258966,-10.59250205374058,1.0744803493138404,-0.05046892587784414,0.00762154725144428,-0.05046892587784414
8.499915,-287.967407,92.321381,561.657104,0.08469355881525902,0.7089886217384853,0.6951722999706786,0.08305184341148603,-0.474098530568751,36.59197153508921,-8.813814920580322,0.9059777076992946,-0.09786975126789234,0.0638166608041372,-0.09786975126789234
8.533248,-286.812286,92.226624,562.180481,0.07638312403332062,0.7113543723663693,0.6948881464134601,0.07260192319921538,-3.8750927787365264,38.237746467330574,-6.032843329988521,0.6515725296023049,-0.1451499083343306,0.11691892897320902,-0.1451499083343306
8.566581000000001,-285.565887,92.008652,562.585327,0.07232698246641708,0.7137423500041568,0.6936418940005209,0.06481965986655877,-5.687404646721771,40.583066530722306,-2.6929236607351594,0.3615778188420352,-0.16994367318899958,0.11488345352157024,-0.16994367318899958
8.599914,-284.204498,91.776283,562.882202,0.0714641093696445,0.7152712966999896,0.6925476850654178,0.060477740530296635,-4.790582062562032,44.510177132656935,0.7621745754831285,0.1157160650768214,-0.12590203814836828,0.03834491611645594,-0.12590203814836828
8.633247,-282.653015,91.597923,563.091309,0.07239791668615012,0.7151643824862319,0.6926682003550558,0.05923860143082273,-1.5909187115394787,50.03756583705088,4.574232930855723,-0.03856727511517658,-0.02839534485533385,-0.06632202402443928,-0.02839534485533385
8.66658,-280.875305,91.563873,563.20343,0.07316993443932082,0.7137016823583978,0.6939827447385127,0.060531143208586435,3.1615180733639856,54.85567416348522,8.873581664269828,-0.07680132124535717,0.13975129724322213,-0.11183646779810782,0.13975129724322213
8.699913,-278.945404,91.701157,563.196411,0.07121731116410258,0.7121026628369912,0.6955094239690925,0.06406663204198591,6.247182664871508,57.7512412793534,12.939733282240892,-0.02034530616886139,0.2757699869052057,-0.06994533136766913,0.2757699869052057
8.733246000000001,-276.922485,91.883392,563.086975,0.06740877688951412,0.7114410227307603,0.6962523540383317,0.06738239733158191,6.401066047760574,59.228553315218086,15.7711649295274,0.07776023961470631,0.2820999595592358,0.0029763836766432267,0.2820999595592358
8.766579,-274.860901,92.041191,562.914185,0.06281968872861828,0.7117138718350247,0.6962483513768191,0.06895857126346888,5.070628980042194,60.02024752491054,17.052354284186144,0.18240641737664068,0.21168721750815053,0.022939873841319038,0.21168721750815053
8.799912,-272.773499,92.138481,562.715576,0.05811593297110294,0.7118690718311087,0.6965709673251768,0.06821913503469294,2.95377809920964,60.78540410446727,17.250757161369982,0.2966874470366785,0.1450142775780393,-0.04812483030392199,0.1450142775780393
8.833245,-270.665405,92.159698,562.506226,0.052521509017240384,0.710834146492732,0.698338693264333,0.0654169455138739,-0.3380808492929293,60.84219409652606,16.942082419767072,0.4128800471355592,0.16511002427736216,-0.16877811235022117,0.16511002427736216
8.866578,-268.586914,92.05722,562.275024,0.044856703117080975,0.7082876194039696,0.7017440810768274,0.06222354102879971,-5.589740370754619,58.895363078908716,16.559805520732986,0.4475142199146688,0.2964070043943896,-0.27053350166433804,0.2964070043943896
8.899911000000001,-266.620209,91.769913,561.99823,0.03558334741772876,0.7045490705116432,0.7060857373481763,0.06154156433835055,-10.152028478312294,55.542606073812564,16.37123739418741,0.3421799612640606,0.4234228845415879,-0.3256087094413519,0.4234228845415879
8.933244,-264.766388,91.419701,561.677429,0.02752348611425443,0.7001650351317102,0.7105984209665638,0.06372805827071323,-10.75978253345978,53.11668674920574,16.26342584735868,0.1633237640453985,0.42184458082941273,-0.35848657330056943,0.42184458082941273
8.966577000000001,-262.956909,91.150452,561.345703,0.022541742292568865,0.695321481473399,0.7151960468541438,0.0671901913991788,-10.200213221851298,51.317683256933314,15.559631986433216,0.02500484312817781,0.3726612370978621,-0.3795886740014915,0.3726612370978621
8.99991,-261.221985,90.890694,561.044983,0.01891014455908729,0.6903014558087842,0.7197335238435745,0.07148399259091888,-9.848731211207308,49.701582166283096,13.722436311965,0.04701522780743253,0.29482545421090406,-0.37112050256221835,0.29482545421090406
9.033243,-259.527893,90.688271,560.821411,0.015271409179884452,0.6857533769689437,0.7240417421131314,0.07261298585743574,-9.279552831618824,48.84032356888197,10.786979350018886,0.2494862371571361,0.16850350244478762,-0.3190682663195351,0.16850350244478762
9.066576000000001,-257.871887,90.494904,560.696411,0.009912862762021017,0.6823159478656113,0.7277119863435124,0.06915162595408055,-7.546513065115647,49.37805917281516,7.658871602493485,0.5332555776731006,0.011626629047789362,-0.23192081757256675,0.011626629047789362
9.099909,-256.173309,90.42775,560.651428,0.0033956378718667905,0.6802516410524617,0.7305221092545132,0.05986336424903862,-4.962443453583019,50.86026886716149,5.613110377669733,0.7767475637084275,-0.12070542015953671,-0.12619936712285565,-0.12070542015953671
9.133242000000001,-254.446396,90.425323,560.611816,-0.004508387522308306,0.679545340173829,0.7320812968218933,0.04748452309499396,-3.50653022225048,51.01250234970379,4.407292979177887,0.9175618278665623,-0.17045018342137144,-0.01892225890048027,-0.17045018342137144
9.166575,-252.753296,90.462097,560.557922,-0.013198173512324591,0.679904983393079,0.732410467396596,0.03361441686382656,-3.0073443166513845,49.588657749451706,3.1560533585870356,0.9723199892570952,-0.16941788811673061,0.07571710736884794,-0.16941788811673061
9.199908,-251.130402,90.481949,560.492371,-0.02249222630130913,0.6811526698838022,0.731525885766314,0.019875072829761378,-2.809808284230734,47.679264501574366,1.8458518431611477,0.9760495115838173,-0.11321290513975699,0.16700014672617705,-0.11321290513975699
9.233241,-249.570206,90.509483,560.418884,-0.032708412268937025,0.6833205146794094,0.729350765649387,0.007120016275649311,-1.2813554097955686,45.89685819689937,1.082187534359581,0.9756074481532315,-0.06461316849503178,0.26478404730383576,-0.06461316849503178
9.266574,-248.076401,90.602898,560.310486,-0.043204468359542454,0.686535017419995,0.7257903655044657,-0.0056025985748132095,-1.9782208221887092,43.89956786720325,1.1282468549275673,0.9869425681290577,-0.03630827394566014,0.32441382169099137,-0.03630827394566014
9.299907000000001,-246.653305,90.549469,560.139282,-0.054353580110036444,0.6897369353294068,0.7217913229146642,-0.018053657156330165,-5.788553190509868,42.02812613372553,1.6855884641925412,1.0282335160894724,-0.06333308325251699,0.24274186335820805,-0.06333308325251699
9.33324,-245.287292,90.357536,559.895081,-0.06517312129584159,0.6904679774448603,0.7196994493444829,-0.032235678944446775,-10.389543332543179,39.81015554544006,1.9260876174876531,1.1569260077544663,-0.19063095064216917,0.022720275179803663,-0.19063095064216917
9.366573,-244.018204,89.981697,559.616089,-0.07637719365032644,0.6875171314757246,0.7203905968831901,-0.05024048307662856,-16.177380540724204,36.094098559621514,0.8148681505130858,1.4253830913961343,-0.40228945853698983,-0.13428779775583957,-0.40228945853698983
9.399906,-242.885605,89.402061,559.370605,-0.08838809224765158,0.6828255886101,0.7212922846908376,-0.0753272907621334,-20.699209495496966,32.143784686425604,-1.8904169670028421,1.7057651558033151,-0.6670395528492765,-0.05081213630745014,-0.6670395528492765
9.433239,-241.835297,88.722847,559.213196,-0.09927492017645395,0.6794954949386438,0.7191232477137097,-0.10626437399115923,-26.98077059656987,29.090762804022646,-4.91178767548607,1.6997614123788276,-0.9415422449179968,0.17271669975520929,-0.9415422449179968
9.466572000000001,-240.8349,87.716843,559.129089,-0.10370540385742867,0.6780215937697165,0.7144921374663228,-0.1379597517087738,-32.23471354108961,28.849285293263634,-3.5877850744048385,1.2869000293221873,-1.038284243237327,0.26861622073082597,-1.038284243237327
9.499905,-239.819794,86.674538,558.87207,-0.10242081390351766,0.6768346812416641,0.7108982373886024,-0.1613334659195494,-32.76607665136117,32.38309893887116,3.913182945051455,0.7587149648315897,-0.9164162208971264,0.14145607208908062,-0.9164162208971264
9.533238,-238.786499,85.58741,558.251709,-0.09836133520761732,0.6739528932511575,0.7104520450465296,-0.17711701528586352,-24.055590522001662,38.97999046905354,11.64757134659686,0.4260422835390429,-0.4459692674308364,-0.05526116257550266,-0.4459692674308364
9.566571,-237.599899,85.065392,557.319519,-0.10176875202708414,0.6715769117850257,0.7111714935361666,-0.18128066485335867,-6.317771422754483,46.011122581386715,14.301530863430028,0.315065167780568,0.21526724877253825,-0.14569420831742136,0.21526724877253825
9.599904,-236.307297,85.152946,556.212097,-0.11139432078949005,0.6707102272555979,0.7110572666387641,-0.17926700731256123,4.412148249859608,49.65499302714288,15.915886422719717,0.3439141959241111,0.4606877594192012,-0.1081539636919798,0.4606877594192012
9.633237000000001,-235.020096,85.36499,554.990295,-0.1210227662445799,0.6704903281225568,0.7098248794018388,-0.17873122426364305,8.381807411553046,49.98192121512595,17.546726474192855,0.41965202737556434,0.5107248719499856,-0.010783856216944148,0.5107248719499856
9.66657,-233.801102,85.725304,553.727173,-0.132917571531494,0.6717849994984217,0.7067169174054954,-0.17773303654624806,8.530579510464442,48.63262461036206,19.473750903787938,0.5096078017867303,0.555203375757182,0.10345235859959703,0.555203375757182
9.699903,-232.684006,85.948547,552.397522,-0.1448984366374937,0.6739527737166914,0.7020233789268545,-0.17876039074613354,6.2665651629131265,46.73033153249612,20.198558262133947,0.6097918827800863,0.4752258466995153,0.2287471342746097,0.4752258466995153
9.733236,-231.633698,86.153473,551.117188,-0.1563715465253536,0.677016054268791,0.6956412903839638,-0.18242915559888026,3.3137697260353303,45.88221251299701,20.519479708091243,0.7127869783335372,0.2486270790984883,0.34683501266210504,0.2486270790984883
9.766569,-230.620499,86.162872,549.757019,-0.1646382584827519,0.6797871472406548,0.6885620014540644,-0.1914838072625247,-0.5978943120652864,46.72555120272021,22.216387934426756,0.8106653027017191,0.0033853167038860703,0.43027745443079446,0.0033853167038860703
9.799902000000001,-229.634506,86.062233,548.307678,-0.1720668047290563,0.6824451620837871,0.6806798905735351,-0.2033138018619655,-4.55614589924982,49.72729202941935,26.58313778889778,0.8224853655593893,-0.15095809667834253,0.44830606831422676,-0.15095809667834253
9.833235,-228.676605,85.738258,546.553284,-0.17688634482195575,0.6842263552781834,0.6736645090232243,-0.21615190269983667,-7.277641430278494,54.74023616849234,34.45315227972384,0.7017766360599004,-0.22229466791777647,0.4171224560749315,-0.22229466791777647
9.866568000000001,-227.775604,85.356277,544.450928,-0.18008208105865156,0.6860991476467112,0.6674477960150759,-0.22660945098265323,-6.283929740760656,60.6505505617832,42.76347047841859,0.5172759541611655,-0.19239516847602278,0.37847922215392954,-0.19239516847602278
9.899901,-226.877899,84.983887,541.987427,-0.181583127591199,0.688112039709063,0.6622796521987736,-0.23433960583969304,-3.589907356639239,67.96531341674805,49.77386768606939,0.4242363638588374,-0.16457674748241763,0.29417219621978324,-0.16457674748241763
9.933234,-225.902802,84.659554,539.196899,-0.1838834974084524,0.6887468096350318,0.6583895566329764,-0.24153236494315544,-0.7171334037925391,75.7421236152088,54.06344533923057,0.5559663335685243,-0.06978899957923189,0.13757976243123665,-0.06978899957923189
9.966567000000001,-224.819595,84.372589,536.16687,-0.1917022452030292,0.687141920886794,0.655053891718647,-0.24897917320205668,2.6993693588548253,81.7138923271761,55.481389250285474,0.7922788164408668,0.17203408741811485,0.0007775723079210279,0.17203408741811485
9.9999,-223.710098,84.234573,533.000122,-0.20576730329569334,0.6850857220745231,0.6506561619991372,-0.25488022511877967,9.098544625150174,84.2033390353568,54.55888857324854,0.8466346681434984,0.35931485982394273,0.007493804891227663,0.35931485982394273
10.033233000000001,-222.633896,84.410889,529.816284,-0.21876817134044588,0.6845636866694649,0.6452384029578305,-0.25919191625183147,16.903602666779705,80.36590733750047,49.62087015394317,0.6309559264508412,0.40978407379634024,0.14388954915222651,0.40978407379634024
10.066566,-221.655304,84.858543,526.97467,-0.2277443265773786,0.6871504435739891,0.6389626020391155,-0.260160686506031,23.979831668814576,73.96219720068645,42.307726881757496,0.3839817573177692,0.24168205080781993,0.22462095675858035,0.24168205080781993
10.099899,-220.640793,85.556129,524.381287,-0.23077268008878185,0.6885591556518116,0.6349574976353789,-0.263551200887651,28.80511062223415,70.07930809552553,34.95942329137265,0.33917319175080324,-0.08790636813569815,0.16491361628383996,-0.08790636813569815
10.133232,-219.562195,86.324791,522.033508,-0.23221736162561332,0.687252854329737,0.6328679960452648,-0.27062282009638244,28.060549994037007,65.457592393432,26.35116268387462,0.4836132119395738,-0.18679816548181385,0.0870602125611227,-0.18679816548181385
10.166565,-218.464905,86.979927,520.03772,-0.23712020791707453,0.68495204990148,0.6300325049387825,-0.2787000880044475,25.347531505529176,61.23269574260009,18.10567486840124,0.6856854143715688,-0.15075538296400842,0.056948970918643656,-0.15075538296400842
10.199898000000001,-217.314194,87.59243,518.249878,-0.24416826149201507,0.681602884225759,0.6263656341670037,-0.2889038951444943,22.584915596586818,58.82862670538579,11.563724471606086,0.7772365326869416,-0.09333729851363082,0.06110103245698285,-0.09333729851363082
10.233231,-216.136002,88.078682,516.630188,-0.25224280059799076,0.6790073858668271,0.6219231600756883,-0.29754684075998883,19.760164520729614,57.56157605418173,7.32206342759253,0.6887952470318559,0.02214789972405087,0.07552290013958035,0.02214789972405087
10.266564,-214.934601,88.508759,515.05658,-0.25947538466193953,0.6776174369810409,0.6176575433070519,-0.3033253913698632,20.01923925270943,58.5654365730758,5.897059841641548,0.522835343865101,0.040627654207349775,0.07099761194552145,0.040627654207349775
10.299897,-213.699295,88.997276,513.405579,-0.26417721452215337,0.6763752954219299,0.6146978721174765,-0.30801523514991863,19.408144531741495,59.31271004486898,4.895344285877242,0.38999149307057435,0.02582753467854428,0.052783120346968894,0.02582753467854428
10.33323,-212.461502,89.374207,511.808411,-0.2682579454678963,0.6755369997447366,0.6122424656830664,-0.311201863560523,16.352583336857474,58.982201564342205,3.032218233273742,0.32402394631531095,0.0458520695025407,0.02633606685485651,0.0458520695025407
10.366563000000001,-211.192902,89.658943,510.247894,-0.27213691090377923,0.6744933478042979,0.610335767533538,-0.3138319237438186,14.85365435042379,59.22517019114179,0.9947419486823038,0.27883465353644615,-0.01717538314540945,-0.009420835022867127,-0.01717538314540945
10.399896,-209.877808,89.935654,508.712708,-0.27427702106264407,0.67263871633734,0.6096953646573158,-0.31717634734708705,13.788802647530925,59.31159631674676,-1.6185422733757944,0.19984248861158213,-0.103002442761409,-0.04626161764396831,-0.103002442761409
10.433229,-208.5047,90.155296,507.244812,-0.2750144677089984,0.670639843175405,0.6102043268351809,-0.3197810544857655,12.108220882484487,58.98479807379956,-4.70422568727913,0.09912433267575563,-0.12640013449231957,-0.07472014263854998,-0.12640013449231957
10.466562,-207.070297,90.335907,505.854309,-0.27471897476841955,0.6688643611956818,0.6114691357731031,-0.32133385632605754,10.351666405343758,58.51531080205575,-7.64021948422937,0.026842128027852453,-0.09713714310140567,-0.08425175146456826,-0.09713714310140567
10.499895,-205.580902,90.459549,504.54071,-0.2745360440362204,0.6676377459420881,0.6126859849035285,-0.3217229936157867,8.487210300693198,58.00815596142177,-10.507675419770917,0.003405452931903502,-0.042664970491762,-0.07165029935471862,-0.042664970491762
10.533228000000001,-204.029205,90.537231,503.309296,-0.27469209209966466,0.6669130652706186,0.6134182173620777,-0.3216975419825086,6.575542896179874,57.42976369280865,-13.684011389823393,-0.006703734755419148,-0.0023587568802128996,-0.045355973066371735,-0.0023587568802128996
10.566561,-202.408401,90.551933,502.172302,-0.27482524080113613,0.6667466640246441,0.6137879486351449,-0.321223173418212,3.808023923874985,57.20950633574618,-17.203052661639482,-0.05458796404630707,0.06439869347165962,-0.02502797070237257,0.06439869347165962
10.599894,-200.692596,90.457657,501.12149,-0.2750636504734419,0.6675887123524257,0.6139672576617914,-0.3189192779483767,1.2584130177369999,57.81704224901431,-20.801212354176847,-0.1490299818045391,0.16230656972530041,-0.022895892238483203,0.16230656972530041
10.633227,-198.862503,90.303917,500.134705,-0.2750714845185863,0.6693638536830805,0.6143880115362308,-0.31434866162882413,-1.5456782153970543,59.932046345027295,-24.401157664740392,-0.22908917342663943,0.26135651957806877,-0.053809379255305136,0.26135651957806877
10.66656,-196.867798,90.009918,499.1745,-0.2758653919036316,0.6713182510948529,0.6151650217948574,-0.30789947589584565,-4.079224676102689,63.11363815306037,-27.992452384792493,-0.2589956190915598,0.28645460673886275,-0.11176137907773945,0.28645460673886275
10.699893000000001,-194.711807,89.666206,498.230804,-0.2762971384200946,0.6723945109435512,0.6169137291739037,-0.3016006692807512,-4.318452452684181,66.19777559907612,-31.53692095793893,-0.2755448356607854,0.22635871768158536,-0.15701634428350628,0.22635871768158536
10.733226,-192.389008,89.344063,497.310089,-0.2759233110518418,0.6729037856050252,0.6193705126672304,-0.29571437194520483,-3.954395394358204,69.0093171445358,-35.40708912524047,-0.34079977884798746,0.1696828377933336,-0.1749536819815242,0.1696828377933336
10.766559,-189.896805,89.021263,496.440186,-0.27387837551415173,0.6735836980417839,0.6226311572146641,-0.2891471584221645,-3.7231066318163313,70.97486601273977,-38.71800326202718,-0.491556224032685,0.06658306735983786,-0.20166597746331677,0.06658306735983786
10.799892,-187.298096,88.720421,495.63501,-0.26820524716165783,0.6738302710809665,0.6280121113663372,-0.2821692739245371,-3.989779724972276,71.50589615249254,-40.530322728803476,-0.6184181716096762,-0.17879188809765972,-0.2576799338074022,-0.17879188809765972
10.833225,-184.659897,88.415894,494.922211,-0.25866095234553715,0.6720152614306641,0.6358135491188597,-0.27790489541002206,-4.343475363408212,70.89591776903195,-41.8568193689232,-0.5642623878240381,-0.4245345854604651,-0.2814416559570204,-0.4245345854604651
10.866558000000001,-181.989304,88.174797,494.320587,-0.24917817900459754,0.6688041507373753,0.6432091379346211,-0.27729631793771187,-2.972905613556181,67.95207277898034,-42.27003046662695,-0.4012244185425845,-0.5769730134278747,-0.19921889615006114,-0.5769730134278747
10.899891,-179.443604,88.064789,493.841003,-0.23918853014541455,0.6657453171051699,0.6487568947656321,-0.2805111607288866,-3.542690618546151,62.42423177569518,-38.76157882577259,-0.3258941949449061,-0.6901062159258136,-0.06732659389329275,-0.6901062159258136
10.933224000000001,-177.186005,87.874336,493.377197,-0.22764932103945087,0.6634845035658457,0.653243020886112,-0.2850222023314098,-3.3263185051031168,60.38145249338264,-32.79834056719386,-0.3861277788465537,-0.5558796660410117,-0.03752461137670651,-0.5558796660410117
10.966557,-174.995804,87.824806,492.748596,-0.2189113296643654,0.6626045604211397,0.65750020014414,-0.2841241155975738,0.5960901836848476,63.08642960894068,-27.624784229527588,-0.5131182916403102,-0.19747343841427595,-0.10406795690303715,-0.19747343841427595
10.99989,-172.822098,87.901413,491.950012,-0.21297378978044082,0.663076456939686,0.6618407011290478,-0.2773781956965614,0.5242335153731049,63.77505670235314,-21.599530820429905,-0.6602360589231262,0.009760981282208524,-0.10454655651475854,0.009760981282208524
11.033223000000001,-170.831894,87.840378,491.071503,-0.20549517047929433,0.6650577813406708,0.6658283236601863,-0.2685936071461423,-1.2923020521189834,62.40563528215376,-16.190721445538532,-0.8186825606260805,0.09462066315426651,-0.00797872594926576,0.09462066315426651
11.066556,-168.913193,87.786453,490.16449,-0.19698877272337623,0.6693277854758164,0.6686725897378484,-0.2570461179326711,-2.653588026573825,61.28061040262641,-11.487559969100078,-0.9198979081361129,0.10385346101287725,0.0827302872970055,0.10385346101287725
11.099889000000001,-167.118805,87.610443,489.20929,-0.1865765195886292,0.6738254402809635,0.6711761734959864,-0.2463148848519824,-4.320214368165471,61.030275835090066,-6.719516837291127,-0.9187283892718465,0.022506724129630503,0.10261709361729994,0.022506724129630503
11.133222,-165.339706,87.415237,488.182098,-0.17601765368950087,0.6775299181654357,0.6737788527723922,-0.23662851294191006,-3.0240420669399146,62.20622701653757,-3.1958073380194905,-0.8762571008930181,0.01370641928091639,0.081206076048012,0.01370641928091639
11.166555,-163.555099,87.301964,487.090607,-0.1664569048399808,0.6809053089140467,0.6761801091305588,-0.22680502450330692,0.7363985740013783,62.90993448007285,-0.33459525768636617,-0.8489584436965211,0.09318307511988361,0.0792117119188625,0.09318307511988361
11.199888000000001,-161.783401,87.339508,485.959686,-0.1582511529932797,0.6847297944671255,0.6778818882246962,-0.21581896756825172,4.525632750702452,62.980469894637395,2.810112887970105,-0.8495877575346782,0.14786377205583762,0.10200973156918551,0.14786377205583762
11.233221,-160.043396,87.458847,484.767212,-0.149673045397737,0.6887525839093318,0.6791808908212972,-0.2047710311122519,6.7261369373664746,62.60110100145887,6.378141068182073,-0.8812841373051319,0.13243513805802026,0.13412069922797162,0.13243513805802026
11.266554000000001,-158.343994,87.619759,483.532593,-0.14010005482571097,0.6930580530590635,0.6801488200031001,-0.19349442466439082,8.185982445678373,61.84039176875157,10.427725341960471,-0.9557072928824148,0.12150162020686556,0.17239309094044575,0.12150162020686556
11.299887,-156.699203,87.808434,482.223297,-0.1292342068378548,0.6978875138256363,0.6807754628921265,-0.18109750675609396,8.43198351530756,60.89870255033607,15.909324160310357,-1.072807509879563,0.12152357140949221,0.21276601742020892,0.12152357140949221
11.33322,-155.126801,87.948883,480.800415,-0.11661282633351015,0.7032111152525118,0.6811230222151019,-0.16723338401286728,7.9938379195403,59.35998126462464,21.825497891251317,-1.2016676819538876,0.1527242121957616,0.2528758339669847,0.1527242121957616
11.366553,-153.627396,88.069023,479.298004,-0.10312115885830958,0.7091173329146431,0.6809210329264737,-0.15121237275463528,6.497212475156074,58.20772412662185,28.17754421523183,-1.29671749270882,0.14949412928130396,0.28435122309512767,0.14949412928130396
11.399886,-152.155396,88.069023,477.649109,-0.08792219054800249,0.7148587080772998,0.6804084128193938,-0.13524462155623093,3.771717887148274,58.113183299838674,34.90475504293415,-1.3175935788210014,0.06608844505457698,0.2915230531335111,0.06608844505457698
11.433219000000001,-150.669693,87.956718,475.873596,-0.07191335397576755,0.7198958201617024,0.6797286060981304,-0.12061301623605475,1.687947066366533,58.96641369970474,41.293057131619705,-1.27030407727564,-0.02192881570548902,0.2581050389960744,-0.02192881570548902
11.466552,-149.118301,87.756897,473.944702,-0.05590960845965346,0.7236832574934502,0.6793938691695798,-0.10761333114602951,0.381223587557289,61.175337641261045,48.71304387165982,-1.208206146763039,-0.07973532798949488,0.17842221006587078,-0.07973532798949488
11.499885,-147.459595,87.482033,471.793213,-0.04032609680998347,0.7259179117796967,0.6799224131494367,-0.09551179702279261,-0.443072174885245,63.65860436642302,57.0988940516864,-1.1386444510786855,-0.07009084245792911,0.07768454172555714,-0.07009084245792911
11.533218,-145.699997,87.149742,469.422791,-0.02652495559828266,0.7267728753989253,0.6812537327032935,-0.08361199670332607,-2.6622336383218475,65.89673951089752,65.72113955554556,-1.0265861512465388,-0.03953887001957949,-0.024573911231290265,-0.03953887001957949
11.566551,-143.830002,86.666107,466.824585,-0.01462946015050579,0.7261857799486755,0.6834403275035605,-0.0731403489044493,-4.349681349542061,67.71748233564956,73.11490207432723,-0.8690291996650712,-0.020604689584932962,-0.11704974692766597,-0.020604689584932962
11.599884000000001,-141.859802,86.18235,464.080505,-0.005306612023210959,0.7245089597798765,0.686242871801551,-0.06425984725375918,-3.1571641027078226,67.95660518436489,78.17473861793704,-0.7407256946499424,0.07709730138719054,-0.170402636242923,0.07709730138719054
11.633217,-139.861893,85.773956,461.23999,0.0011300437499372254,0.7225928145239359,0.689136578798235,-0.05430582990585988,-0.27632605027386015,65.38852956600154,81.09246056060887,-0.6887646471453343,0.3149700452865472,-0.1558068625437449,0.3149700452865472
11.66655,-137.934494,85.531799,458.388611,0.003765618247800942,0.7214594142547146,0.6912400582788724,-0.040857258022005606,4.777105013164746,60.93205499247965,81.90189207320194,-0.6418896632214378,0.5351690711999321,-0.09542306885073239,0.5351690711999321
11.699883,-136.089493,85.573288,455.570496,0.004105509829242378,0.7210390068791451,0.6923692716296593,-0.026658714349965,9.095613671636983,56.0690391723045,79.98450055976171,-0.5820371390065865,0.5947317191186164,-0.04925300296155048,0.5947317191186164
11.733216,-134.352097,85.754623,452.921509,0.003985132031493365,0.7207787323222724,0.6930292337116161,-0.013138454082569025,9.78659691009344,51.375994579291735,74.4684974141274,-0.5728662302723666,0.5199968761931482,-0.05245735759834989,0.5199968761931482
11.766549000000001,-132.708496,85.971191,450.549194,0.005833759510546246,0.719989530815632,0.6939597681338339,-0.0009396688217543013,10.814163094737587,48.01960233742917,67.64189167404514,-0.5724216631621155,0.3071586524202959,-0.09641595185024877,0.3071586524202959
11.799882,-131.0961,86.31356,448.428314,0.010614812013419675,0.7184669323209107,0.6954401590852591,0.00745506933361707,14.134030114031921,46.43061509067392,61.86790728638421,-0.45325301316484695,0.06340689281535473,-0.1381007658449792,0.06340689281535473
11.833215000000001,-129.479996,86.792198,446.501587,0.015253230352856138,0.7166326043025418,0.6971966978282235,0.011036935796676616,16.983929441565323,46.00895098311983,57.10992179569199,-0.18559884738112095,-0.07293548988264267,-0.13835506502749095,-0.07293548988264267
11.866548,-127.859703,87.336777,444.731812,0.01679442172132776,0.7151959397682534,0.698651268793786,0.0099558902607491,14.755183915212777,45.44412359493386,50.96806354936506,0.11578662685128199,-0.017524222909612492,-0.08758873798829543,-0.017524222909612492
11.899881,-126.302101,87.670883,443.212189,0.012930002102539532,0.7146590762091168,0.6993091061089969,0.007873623727086592,11.051434359864679,45.57139640729347,46.11940869180974,0.33323875879242215,0.06159463428880334,-0.017042937901508237,0.06159463428880334
11.933214000000001,-124.7174,87.984756,441.743195,0.007424669768209121,0.7149160272140912,0.6991613839441215,0.0036479463530179846,8.644524883694631,46.55556410728461,43.19400358198592,0.39555580303496335,0.12157898417760514,0.04010599243012556,0.12157898417760514
11.966547,-123.1418,88.162132,440.378815,0.00066558861385714,0.715675820524233,0.6984305519511805,0.0015623731732668596,5.939816278965312,47.110550166374175,40.838934923352234,0.2907923193254475,0.2191406889780195,0.07436816523432839,0.2191406889780195
11.999880000000001,-121.559402,88.307373,439.031006,-0.004617911122643817,0.7166499019236604,0.6974146194690379,0.0021074915250549556,5.54767893915707,47.649958062004075,39.92250755713755,0.09430187388379464,0.23264108459315375,0.09102526936024392,0.23264108459315375
12.033213,-119.965401,88.470909,437.70929,-0.007001685901606852,0.7177660253099442,0.6962318341813681,0.0049134893657766295,6.1708252524860345,47.93297010128907,38.612664856553856,-0.10444809438044073,0.1652872769071319,0.10200133534999435,0.1652872769071319
12.066546,-118.359802,88.664772,436.453888,-0.005971563240509795,0.7190141323433193,0.6949182752179411,0.008462191865573154,6.679834451984558,47.822295310924986,37.95908331414996,-0.19352046408760679,0.10998131819060644,0.10691485785743557,0.10998131819060644
