linear_x,linear_y,angular_z
0.07780613714768765,0.09407191841964262,0.2827261130769804
0.10200571375103297,0.10630235061913679,0.30687039757261486
0.12476891599665317,0.11622128529184478,0.42336384575095243
0.14719367830973204,0.12435638016630919,0.629547788870589
0.16860128373820368,0.13773852587369367,0.8202144413182221
0.18940461457982544,0.15206726872909251,0.9930037382992293
0.2153294485447788,0.1730681658154188,1.0848361895988714
0.24243993139423928,0.1906756631161997,1.2006918190824434
0.28612747653194387,0.2157035804356105,1.2070932150175835
0.32008425248114125,0.2225117978500413,1.105222539544291
0.35338034215507913,0.24666009993525892,1.077740247720195
0.3892061996250222,0.2596300377026105,1.1074901166644784
0.4175729151819925,0.2684980898281356,1.0665303062379885
0.43033946871248135,0.2764772964646395,0.9900145130437099
0.4524502119671041,0.27186820300235587,0.9341893165585508
0.43970808350113355,0.25506512755626964,1.0187301253889574
0.43145610439514,0.2310037793908235,1.1149954732324763
0.45037372237764084,0.21027403049678317,1.1332654075227746
0.45097241682966654,0.17494628816081237,1.4632447604134942
0.454028876035803,0.13742183129335855,1.8151575171204448
0.4562652321303231,0.10471082615767104,1.7063061401844515
0.45752879392722606,0.07764531095106245,1.5237751935650983
0.45906683011883503,0.05393863214872023,1.3512722037429692
0.46101565630040225,0.0339774797743701,1.26373594742396
0.46496639580538407,0.018956131430184636,1.1919734066118814
0.4718800371300388,0.008238125179670453,1.2014336970340167
0.4772956372036933,-0.0012551878254865759,1.2178794620351319
0.4827207301276733,-0.009185332920418728,1.2283660358833146
0.49596467278922673,-0.011585850573184096,1.169613041609292
0.519743220778247,-0.0191962346662919,1.1082035969795516
0.5491730262519021,-0.025511491134499666,0.9182829965478374
0.5781761464446955,-0.03830910266474549,0.7355365641147125
0.6032059841991803,-0.05136887277645765,0.5198801676725985
0.6254351675053044,-0.06352237402123286,0.44364055258738083
0.6474579628364345,-0.07921728312364038,0.542380940650517
0.6517536158924729,-0.08845084768596784,0.7899048443957477
0.670436593392205,-0.10284779261506588,1.0732687539450885
0.6904867951200844,-0.11324476161053672,0.9932725391545009
0.6701190192046721,-0.11607236908125577,0.7850353241104063
0.640769018620637,-0.11375713599660507,0.7360933632457521
0.6319190409421773,-0.12547775351968957,0.804159887818771
0.6194799274864978,-0.13075315164086826,0.8556698322233364
0.605846741937312,-0.12856693669212474,0.739369124867343
0.5923891410930877,-0.12332595812062258,0.5794988380684343
0.5740107067459292,-0.11550910947986491,0.5025887994555569
0.5551159543386013,-0.10677152287176216,0.47015106454170597
0.5402828826125363,-0.093785547345696,0.4060905572370708
0.5321698263196992,-0.07603064893557909,0.30481408699811163
0.5286400905267942,-0.05859084162389074,0.18764568995891473
0.5259397351537934,-0.040536624986943805,0.0931190714493742
0.5258465279876224,-0.024570646551831346,0.0958715268463131
0.5299919568303642,-0.014639588998153262,0.11563331380368154
0.5439515416228287,-0.007417539507204855,0.06352736853512521
0.5606008658175778,-0.0005487630045435726,-0.08882591519411968
0.5717137830876968,0.012512781565429792,0.14159064277005098
0.585922068588025,0.030955831501571624,0.4171769565184366
0.6061264607862565,0.046909009889402,0.24488961347181684
0.6216913025941306,0.0704091704295374,0.005569432732150999
0.624340163418756,0.10082698132067487,-0.2717853370368982
0.642083856999887,0.1146174151136513,-0.4181500753693937
0.616869781591002,0.12918951471179882,-0.43282330977245626
0.579011308573656,0.13680997237560752,-0.4770904017588564
0.5411039708985337,0.1420267012700431,-0.44710434361562423
0.49499572462714536,0.1366685817224699,-0.4282859989063885
0.45309973712786,0.12346834661444306,-0.38119955604473266
0.41680706433619924,0.11310324288527639,-0.32489787866699676
0.39076107516747705,0.10597667392721816,-0.26378761225086256
0.36774636626240326,0.09913740569271295,-0.2597459215591999
0.3527889518818111,0.092290109332721,-0.2269694051659158
0.33910534920440727,0.08143450144621088,-0.18445710164035187
0.3296794025289703,0.07398184380284828,-0.11286412680529669
0.32070920981509465,0.060303944935626276,-0.012083371883402888
0.31323764647998054,0.046846017282973496,0.08718171671451863
0.30738966536990014,0.030849456868000173,0.16340043707292046
0.2994693585136076,0.015993764254968044,0.27776178765601917
0.290093875107731,-0.002887638383320114,0.3745430717452615
0.2722622691570727,-0.017792653703291254,0.35229030415981527
0.25693040699535213,-0.019808990909974344,0.34199621783857664
0.2549084678674901,-0.02985906968096206,0.3336094161956412
0.24233512899265178,-0.03623496561598123,0.3414952231839756
0.22905680274347198,-0.04532880894284331,0.3182519882135691
0.21400220730062028,-0.04960133239509393,0.2586711698304655
0.1966621995978153,-0.051204977432599705,0.19964739679293422
0.175334523358554,-0.052306108590999,0.1569130983166904
0.15278037104219655,-0.05130359735014499,0.14483327054989095
0.13147120168926277,-0.04838889310335107,0.12382361793972557
0.11322672977259705,-0.04516509089955405,0.11612845866040789
0.09669392316039274,-0.04123750177481129,0.12499683868766241
0.08108403895627318,-0.03728746844417804,0.13341726070799254
0.06726905397070816,-0.03396120237784858,0.13545831922728002
0.05475377993359653,-0.03146797180427265,0.12341031503409733
0.04244179072158116,-0.029470870082536217,0.11965539637695212
0.03127407664311376,-0.02711505857113178,0.11684804394107022
0.021224252398666984,-0.023770355155748754,0.10669257017486165
0.012283737280677835,-0.019912944906328757,0.09081014468589024
0.006035730542049877,-0.014525409559760068,0.0723059230508843
0.0016555087279692827,-0.00871084327363095,0.034551717285192275
-0.0026902483296867823,-0.002638487631654996,-0.023995521666580286
-0.0056981841891570705,0.002896471672123916,-0.11064276515981025
-0.007129331336556448,0.0075103770693970735,-0.24831590845272233
-0.007867484896316187,0.012013824099240272,-0.43365486559745725
-0.008751530256860802,0.015404584633147774,-0.6131934315780379
-0.009151957235550214,0.01761928975223772,-0.7953678626709165
-0.008726348965114936,0.01938613449697606,-1.026054770915854
-0.0077560750976661715,0.02187802710117356,-1.1821311155728471
-0.006740540239927928,0.024571946114249513,-1.304801691518985
-0.0052746862476787185,0.027442723927783592,-1.4508404753863189
-0.004140083811796539,0.03025445325603152,-1.5428817726389972
-0.004185092641002064,0.03257918187379009,-1.6021382004936164
-0.004429908979495311,0.0352947061039323,-1.6375313323437288
-0.004542042553472261,0.03829841376288241,-1.652866250201136
-0.0034498847803281093,0.04016415640233494,-1.6487532980266568
-0.0018886195928711842,0.04047025458580742,-1.6297118770685517
0.0005625378722078997,0.04009952203256666,-1.568388588159027
0.0028329546783936095,0.04108588650547732,-1.4895912441048085
0.0045620864223012226,0.040479663317298686,-1.3949770069914609
0.006948624044885459,0.03912651223663871,-1.280737207496324
0.010423223945680852,0.037734454494674226,-1.1524032896665113
0.013572447292657198,0.03576170441715857,-0.9952926446412037
0.015524814360548216,0.0329884040292582,-0.8541160159001613
0.016378740012879613,0.030548120482091577,-0.686498667608859
0.016081838556504694,0.029334601267450234,-0.5455283389741032
0.014965316777038428,0.02843036937982148,-0.435894132676114
0.01245230947966054,0.027074063097091573,-0.3426441551460986
0.009262595379471304,0.025350034608122768,-0.243408341541553
0.005901573092489611,0.02331935712582968,-0.1601115889345295
0.0028739179590876627,0.020880437894224883,-0.09166577932553206
0.00038254447804284653,0.018252472879170718,-0.032025109283408314
-0.0012098969887038092,0.015427097321330172,0.006600211939899621
-0.0024404878099702656,0.012185076079263628,0.04218902505615268
-0.003926715927726267,0.009393955018855198,0.03978098918015012
-0.005128539250375283,0.006330071850674345,0.03627496935339048
-0.004703418672046062,0.0034268670777498505,0.012556904174835766
-0.003875844563470643,0.0014883420458669447,0.004245873704707086
-0.0033686337341970857,6.082075574991858e-05,0.014804485249002252
-0.002789539418110376,-0.0013342674045803,0.051886714068412366
-0.002820165498914096,-0.003107553446070623,0.09125163120960067
-0.0032404632995254663,-0.004153170883431081,0.12501513797423716
-0.0031151619888522904,-0.004058063411281155,0.14917240735720383
-0.0033575259245323882,-0.003931638264351613,0.16044394133811432
-0.004252693687589582,-0.0037970958591461595,0.15417199254724795
-0.005680214850459321,-0.0037060201109575313,0.14777049925701796
-0.007042096424418544,-0.003478891118467154,0.14726792253421903
-0.008654836744082085,-0.0036853707619511934,0.13447421128060077
-0.010458740559644988,-0.004111240409888957,0.11377363627706379
-0.011981903234824225,-0.004416995124988436,0.09986342359772885
-0.012850853450632067,-0.005125062626050545,0.0845628686141089
-0.013048425528851255,-0.006080182707951762,0.061299288679543124
-0.013139829083801628,-0.0069892072785339345,0.048171896318548534
-0.012831437777472426,-0.008344536358690077,0.03417110910605035
-0.011825240950320122,-0.009683415620303708,0.022818272349314713
-0.010475691313607934,-0.010794833109354996,0.01487634937438952
-0.009039584567694475,-0.011886233821661816,-0.0022791799051406453
-0.007553815042307618,-0.013714714641430006,-0.01930588694549515
-0.006776863842038952,-0.01632042752543111,-0.0307273599617004
-0.007062560563394291,-0.020956190533159592,-0.0643709164279374
-0.007864482333848576,-0.025530299989406036,-0.11486976014604
-0.008699863047494458,-0.02919119197529813,-0.15641343576755393
-0.0076218326495608845,-0.03263631855950907,-0.19918314632115344
-0.004642297831970514,-0.039913798296215094,-0.2825497649860445
0.003992869194203084,-0.04115555022630839,-0.36652757859671664
0.011472781111743111,-0.04320997402820139,-0.334891138748063
0.020573238967470903,-0.045084749258612986,-0.3704824538412376
0.035192020132377044,-0.052636820088798456,-0.5431185512042014
0.05096902916416281,-0.06389966578491033,-0.6610265915528668
0.06925974134379538,-0.07498425894220499,-0.6856757043031209
0.08797068677311566,-0.07416520868031208,-0.7158088683086739
0.1104161891725143,-0.08522415303877505,-0.7050909517492913
0.13764305696975207,-0.09827516800561523,-0.6499907997995223
0.1760226065045545,-0.1306702451582876,-0.5897355181600825
0.1948049572013496,-0.13141587952401682,-0.7011678380261913
0.22148441584532857,-0.14242241768518263,-0.9787830589155243
0.25797674601702625,-0.13889695747079972,-1.234284146582013
0.26915464908459263,-0.1518832178759488,-1.4379223260226979
0.28292604548824046,-0.15296645474568454,-1.5121908477730825
0.29574555964664817,-0.13398281347332974,-1.4979293854437874
0.3167323507479475,-0.10401763929801972,-1.6248067105108928
0.3402764685884941,-0.07152044713695715,-1.9108910436991982
0.36852227901432705,-0.05014749810587203,-1.876368322117868
0.39416964565041773,-0.03883100060390969,-1.6605381092364317
0.41637503145769533,-0.03161509067910732,-1.6379537724040654
0.4391913612067921,-0.02745154862754417,-1.8541325012292342
0.4552248244860905,-0.024907370509439083,-2.076319065173599
0.47640994275300574,-0.020611077550617734,-2.2814745809104227
0.5013729491401003,-0.015032275272927909,-2.1550776815541988
0.5272965095184748,-0.013612079215112096,-1.9568618562758031
0.5528828082538927,-0.016019409831505356,-1.574832670068174
0.5857604871275452,-0.016693180389680127,-1.1659931199908407
0.623833472668767,-0.01574123395677795,-0.9160476383750268
0.6661945440974157,-0.004421000742329929,-0.8467650607877006
0.7031513823977477,0.006893277378769255,-0.6362672504949707
0.7317434043161389,0.018145328758905722,-0.2944326047447159
0.7536363357732423,0.029093818177441718,-0.2677854354118315
0.7965497658233703,0.04647651153609407,-0.6018025974779921
0.8144312271077871,0.0734416603296592,-0.9457616773808297
0.8342598884792286,0.09685071996030245,-0.9395266997341062
0.8107963991375767,0.11724031571918893,-0.8692478518940483
0.8157986947449236,0.1394128323153633,-0.8793633142072242
0.8113851077043841,0.1571965237818384,-0.8851978512395648
0.7970203722794426,0.1669897235942378,-0.8147164442290767
0.7843341747287377,0.15796877786214064,-0.5831670953878069
0.7700573321247705,0.14799548230130707,-0.5070169862273953
0.760816604037365,0.13964373327276558,-0.4215939744862593
0.7512247687613952,0.13062152701690474,-0.3447428605872779
0.7471096379058043,0.12320847507882302,-0.24190785286528957
0.7469764247627391,0.11402890169942079,-0.12509044748139214
0.7521792240464568,0.10702204120263252,-0.06943311605798083
0.7641771266512396,0.10031970093191665,-0.07584501865838834
0.7818548582737439,0.09276732554866052,-0.09992771425965025
0.798527802405636,0.08732752431107187,-0.21543166977756822
0.8029351895269331,0.07921170396216352,-0.35952255685486245
0.8019934888998359,0.07104948826831364,-0.45069098951417746
0.8145642886821086,0.05601980139719954,-0.19092070496506472
0.8394082932391892,0.03202165172385919,0.3536238119019086
0.885532173383028,0.01221090836735924,0.6783280780243236
0.8604559866926904,-0.017405327305615864,0.6663943546490064
0.8366347925014261,-0.035344469534338015,0.74321684616847
0.817471729693371,-0.0576495876849841,0.8446706634306065
0.8287221854489496,-0.06692668225180927,0.7797875151114937
0.8367600457557008,-0.06286453103084806,0.623360240414514
0.8443562781339545,-0.05671670094953109,0.2807060320131846
0.8397373182825438,-0.04343079968571056,-0.002294007966647384
0.826712497705038,-0.02511549932947671,-0.27348749395187344
0.8128077370126977,-0.009301781896116388,-0.44455232153610086
0.7979534648999513,0.009397950135952021,-0.5335798726038374
0.7782177325518632,0.02682100457256821,-0.5233031410475549
0.7599594031441326,0.03855285024884688,-0.46420061152854114
0.7403377204703429,0.05050815299351366,-0.43140825260162863
0.7240703668176554,0.06347668350536605,-0.49388467500369443
0.7104489786007125,0.07437813413552628,-0.5335425227669122
0.6939513227823239,0.0921511795734961,-0.5068436236484252
0.7046315752356245,0.10540715227121901,-0.3486785860469665
0.6612981724344658,0.12633923025922864,-0.4032348920554605
0.6213834718989834,0.14340506816241516,-0.7639266173486849
0.5988259333477302,0.14318881901466424,-1.0404562330426501
0.573921812216557,0.13948231454967297,-1.1614397473359535
0.5091731526651958,0.1359013343860515,-1.0629728845251227
0.45149291156958143,0.12270215726208171,-0.6353249243591834
0.38863356211779304,0.09977702835362073,-0.19461731835597101
0.3201127309522108,0.0815449780050917,-0.039922766061628825
0.24692589982120333,0.06859396353925795,-0.10848999617329387
0.1666440408123845,0.06744202579729465,-0.47395750446107343
0.08711102318744088,0.06573559270391204,-0.8718966879150681
0.00877370438047509,0.06017482193349375,-1.2085247992350592
-0.07121083559912765,0.04904243017326638,-1.5530223332444189
-0.11278519229681278,0.030184088444524224,-1.79022105349809
-0.1581646241093635,0.013691786044075078,-2.0596159296405543
-0.19025663740147705,-0.011945410612188906,-2.3223741719093534
-0.21177866458661315,-0.04013624610326548,-2.4909212329798436
-0.22677694240653729,-0.07293582208200827,-2.698053083922071
-0.23574730286808002,-0.11567999690701761,-2.9129389232621565
-0.23348134559242975,-0.16204873399121864,-3.0441486666957616
-0.22450373709792837,-0.21461716420401875,-3.0524942898438643
-0.2098884414460457,-0.2698109003322258,-2.9821644220034624
-0.1885407394101475,-0.32787186427492815,-2.7604861603494797
-0.1340385958810197,-0.3838817465411695,-2.414772707301187
-0.08753729650358888,-0.43760400260947663,-2.227132019486224
-0.04180044545203902,-0.47061083618345473,-2.1801123454392735
3.044150851490906e-05,-0.4817109971790557,-2.149896311567596
0.05676828408625514,-0.45767823422583237,-2.090448296218774
0.13391035784664382,-0.4243484313336578,-2.315019054088168
0.20828684763279484,-0.3882327141683799,-2.811066025583039
0.27380381156293976,-0.3330202415237925,-2.883995740573335
0.33232533004972004,-0.2870910091404295,-2.7802736785577133
0.3850217949078133,-0.24149304049159812,-2.72189586001928
0.4325739284292972,-0.20917222439469052,-2.746151842022768
0.4769894262706488,-0.17905606941871882,-2.802501813840819
0.5197191635789635,-0.15653567219395312,-2.815366157861542
0.5613068997519645,-0.137107311579033,-2.677830680674163
0.5996454990461009,-0.11229980696946662,-2.49195213508928
0.6434019365052646,-0.08591224259315475,-2.30776223098205
0.6886633404248618,-0.05912513541684599,-2.1328132276690934
0.734908161298683,-0.02654769406150979,-2.004394749622955
0.7735145095720782,0.009633742330660791,-1.8244182143362009
0.7964984452109078,0.05085121982901616,-1.5815847126028921
0.807272212514238,0.0832841434533463,-1.3256993186108248
0.8519763896674929,0.11322058163417524,-1.2121380191088746
0.8384746199679964,0.12725861846848763,-0.9825483707625386
0.8212674029918938,0.133600521484734,-0.8004866162150426
0.8072284625064724,0.16959230370024614,-1.0689241962550053
0.7934179270005718,0.1979540164912596,-1.1339900830485619
0.7852402889991347,0.21116978241642284,-0.9237278592068817
0.7854952874799132,0.21947850286220477,-0.6385840251554261
0.7842109738741815,0.22171521322162988,-0.4102583359946031
0.7831049716410412,0.21688266244846996,-0.22619437253253602
0.783088942808612,0.20358478723076884,-0.019660981438584087
0.7818682205440862,0.18603178605018292,0.10647060060785396
0.7814453486414241,0.1658853444292638,0.15999045548000954
0.7819760699116178,0.1487475819929146,0.1327440219121155
0.7866226235102277,0.13137113164746148,0.12148960401563541
0.8003026279682071,0.11097209602223472,0.17777215141083824
0.8204651984064287,0.09346154486710488,0.19655552163360493
0.8435991269172312,0.07229981836276436,0.20522789513667833
0.8599151118100165,0.05283623527177238,0.14725815331522635
0.8728365216887539,0.0409470767166508,0.02724197028236365
0.9151501427870429,0.04088673467659443,0.06671371067246851
0.92129522323511,0.022618293735346528,0.03903416163411834
0.8922172511985317,0.02371381440901665,0.22301895703929406
0.8892416459347926,0.006405038610912224,0.45902858867167107
0.8978883660794356,-0.00962421363926097,0.6443481924162439
0.8978695248918159,-0.018362760121163595,0.5521108045591324
0.8996147672320882,-0.017971647721012375,0.30772613896598605
0.8961428690110664,-0.010058817805631512,0.007592419726539746
0.8808950226896577,0.0014783479805368725,-0.274389700853047
0.8641226692323851,0.012311497845362267,-0.43908538425259563
0.8507727627120808,0.022698027075711263,-0.5173606928978632
0.8386493051627174,0.030876456921393836,-0.4668794273933094
0.8295715572841902,0.03438508888305309,-0.349132324238833
0.8218536839703832,0.03955965843847347,-0.24453441443899113
0.8181779661935056,0.039502277384426875,-0.1368743819650322
0.8228073954963109,0.03739146368354824,-0.015733234951212854
0.8310283049502202,0.03834033780694965,0.1684202569085266
0.8270919219129478,0.030156375585761962,0.5064912852911752
0.8232171550096822,0.01576216095355748,0.5419048612551318
0.8553788199463316,0.005360779368587137,0.39138744530389336
0.8376830860864732,0.0038747686990002676,0.2107315968020639
0.8184120812663147,-0.005621940378153314,0.13527597302885075
0.8027905037385206,-0.009670155042550385,0.16100345076797837
0.7851631868965316,-0.016507478387066808,0.23913658976452448
0.7671344277540155,-0.03504543978523328,0.47798827184921694
0.7562159690742334,-0.05969766968192581,0.5479330840886767
0.744383024481996,-0.08272409276802242,0.5212959221612261
0.7347912655430496,-0.10197174162998196,0.4835931095761384
0.7260926371406826,-0.11771699942094666,0.3679560687462309
0.7222832156347846,-0.1358490878303894,0.2873960242526514
0.7232486482716949,-0.15505825232036952,0.29632979989284547
0.7236911360678443,-0.17582215398836087,0.3299859220454002
0.7260440672515708,-0.19858160629309574,0.441867108571062
0.7271364770119666,-0.22367076654093263,0.5829684470556369
0.7240616204897237,-0.24975564823113297,0.6342523294128593
0.7150803574813525,-0.2860842196143161,0.6546749817479838
0.6912244730034863,-0.31745020249236555,0.5386795856874327
0.6682040039783544,-0.31341519435587023,0.2605198138465562
0.6279069009176886,-0.30727786323943734,0.17313812497908504
0.6024974113514547,-0.2859484038804717,0.2696153842968438
0.5675824652169531,-0.26188850431914273,0.5366107906137734
0.5350984218336065,-0.2302586083419391,0.3940678408175888
0.5069416528721853,-0.1932447796065601,0.03359899066126263
0.4826885553547856,-0.15369977977533086,-0.29962572058802994
0.4562884903763845,-0.11770065676699727,-0.4783146773322591
0.42897185644017427,-0.08626862131718727,-0.4280746430293891
0.4071840091449009,-0.059696256374372515,-0.33838308207859846
0.3839121959313066,-0.035757613892678015,-0.23559678968502004
0.35756558945018,-0.019633625033601772,-0.20131949504364366
0.3173807132934007,-0.010188494344480574,-0.10716066628211161
0.2853242406844286,0.0054658166859343545,-0.005800974431661426
0.26178735919468715,0.0067860408107270195,0.24729258190047548
0.2378352227557372,0.02105282461279501,0.34081993224224477
0.21556658625957303,0.026626269515443154,0.379001558898708
0.19489616762561188,0.024866743158334734,0.3802366653840747
0.17129464410020093,0.015487173466379517,0.36631881226449375
0.14537174508680092,0.004214134235331023,0.33948180475195355
0.11716377883477,-0.008315516170401693,0.34122307504360844
0.09048721159423592,-0.018022400323731546,0.37856158334998685
0.06617198641957606,-0.024688732958742642,0.4146873729291971
0.042483241242711856,-0.028788666100715895,0.46762457597443663
0.02295854128103239,-0.029896792394423867,0.4925939212081474
0.005595993085679976,-0.030245026588791024,0.45927644830445774
-0.010503489990333828,-0.030593796115572676,0.3853762043696614
-0.02496112837950187,-0.030650328094635276,0.27908766313558103
-0.03718085562750236,-0.029056113837028334,0.16684936909196163
-0.04880006526128821,-0.026647200914482572,0.06837083866195837
-0.05846108437604665,-0.024063176822496847,-0.00456606328921512
-0.06430935402525122,-0.01808739818349677,0.00043244531226023297
-0.06925612780394638,-0.007903082184845079,0.05571716839137573
-0.07317053394616431,0.0037630244287802407,0.13971978648371883
-0.07527094090710712,0.019393652360667844,0.2158229845609059
-0.07412231819526371,0.04023376448585165,0.32635441685542327
-0.06582032698402003,0.06101078015106594,0.39482569859849925
-0.04759355614849008,0.07731529441920193,0.48296743178714924
-0.029858331931975686,0.09839281809405236,0.5433599087313606
-0.013480959585210698,0.13327605480339694,0.5463526306711683
0.008892231973828353,0.16110869313628223,0.5358128655902519
0.031839300671146716,0.18805263700769773,0.45661681301264184
0.05179218779397409,0.21944802888259035,0.4255847123888515
0.0690299709630857,0.2547396958484316,0.39101968920089536
0.08345174627704328,0.29354659532595817,0.41176208209915716
0.09575740196853788,0.3386080530691472,0.543385192458914
0.10537841247806358,0.3925607435070063,0.5968504848006475
0.11506177132245218,0.4348723786536398,0.5525798306071013
0.12418591315696129,0.478178954861403,0.47305025293814185
0.12690083560882331,0.5225206404104755,0.5007978024175623
0.12811257743875024,0.5538708814716687,0.4773640689417422
0.14891452821096807,0.5639823684388907,0.5747210126420108
0.14943806108637706,0.5326947976526958,0.6806766857059284
0.18105493560124697,0.5067232216290352,0.8462012580305022
0.20521004952624491,0.46416289068866673,1.0804929670054721
0.2341236574853736,0.4190552103572199,1.4650289217918777
0.26384780835017385,0.3868735766280137,1.7091141957930998
0.2919243159834004,0.3599810009230937,1.768414959382334
0.3186357031907246,0.33822265334253915,1.8069665473436973
0.3465139095295171,0.3225948071123274,1.8264576255962437
0.37643038670881523,0.3091882956821767,1.83372291740489
0.4066914987346326,0.29530581692060004,1.7837077318817962
0.4337812998250814,0.2867733393694588,1.6413088183142603
0.4601133145700873,0.27588856588896454,1.5313066392015788
0.48353661467750225,0.26481120219705123,1.5005694713065394
0.5135320750238592,0.2543069467651665,1.4676206331139796
0.5487400933437148,0.24620793689783957,1.3807590622318973
0.5895827210376399,0.23775794108227355,1.2855748273429983
0.6320911368682688,0.23274631745442037,1.2289467456841359
0.6884815030824117,0.24132237248340938,1.1990740393513988
0.7134877297318658,0.2252264283044937,1.1005651131680967
0.740973816727887,0.21462011390277713,0.8403798799667868
0.7333322361772823,0.21606039260425752,0.6919645239934956
0.7499573126617903,0.2101328120571298,0.7476625825812279
0.7528712320828719,0.17684043278286293,1.0480914950176135
0.7418549998289788,0.13826163699660135,1.1632980895824925
0.7289749277752371,0.11446000000005688,0.9967280562825996
0.7260538081881968,0.11051536609583176,0.577850215022627
0.7145380918698532,0.11346228173038826,0.21891674813791528
0.6979932218196685,0.1227866121485451,-0.051377661231467024
0.6831241870698752,0.14211960596866394,-0.3213297138675465
0.6659117050003108,0.17157032688785864,-0.5787276941671052
0.6492337303805593,0.20372818792010655,-0.7873888180701436
0.6281950433144525,0.23955238325620917,-1.066254331062406
0.6054513608309172,0.27523188430193335,-1.2179720939229253
0.5875447086636922,0.30851740880267037,-1.342443535770416
0.5724370859221247,0.3420931510713276,-1.469855508858653
0.5617781892365471,0.37661443674250955,-1.5416483659137774
0.555403892486153,0.4174008744179392,-1.645590310652623
0.5467446939422796,0.4744776287526722,-1.8706306207922974
0.5305154555730783,0.5453891259681377,-2.1010851501067123
0.49585894970087857,0.6140362021497677,-2.3386614332200497
0.44002365924283476,0.6708598198058983,-2.381081703068962
0.3682555589863402,0.6816143655961193,-1.9341611807066748
0.29646350424994555,0.6337358887252346,-1.6054633762432549
0.2834403206388799,0.6505426412366279,-0.8779624684070249
0.2438393265864387,0.6008009632399751,-0.4735941859220646
0.20796852701636387,0.5557181253268303,-0.6591299641122932
0.1715805705757716,0.5057089590691117,-0.9378998588159699
0.13475208929852042,0.4436693889318392,-1.0631354800124504
0.10739152722373603,0.39602198665662935,-0.9534907235891418
0.08779455127255306,0.35693795138502976,-0.8238963853919617
0.07258620704834076,0.3174801912611351,-0.7477759116933795
0.06256220719952622,0.2860903260978976,-0.6715446138782015
0.05289562069621359,0.26009940523642133,-0.6915844686448174
0.0397841272083206,0.22814143927810157,-0.745567448199444
0.02671612361515903,0.20571312485405255,-0.7889310847612578
0.019625662611808915,0.1766866990433582,-0.7801429996527052
0.0037106528120130376,0.1490537352853774,-0.7787320277864779
-0.01495463238898742,0.13666927951921296,-0.692771517832188
-0.03177999836533088,0.11785396655083413,-0.631020801556353
-0.05157755322061967,0.08904474184197796,-0.6293069516011763
-0.0731441104932729,0.05400109318443623,-0.6012347840433186
-0.09226027410170363,0.00870362733025352,-0.6380715977518614
-0.10478277038196647,-0.03914917559063888,-0.5687804259885736
-0.10801696743254192,-0.07822549042157516,-0.39408148710569496
-0.10486491163752416,-0.11699359025685946,-0.2752072559581462
-0.09906351220524391,-0.16322180884696585,-0.16809918922587863
-0.09612817492558134,-0.20757291746206194,-0.1786323023621997
-0.08761937939553172,-0.2493924183056589,-0.14701588554703926
-0.07858781054935643,-0.2864857497681901,-0.0573214065104496
-0.06913781502071276,-0.3284172775726287,-0.026926028420267773
-0.059837440026066877,-0.3720226706926131,-0.13882674288358923
-0.0513592264069818,-0.4224653431720993,-0.18485777703995854
-0.04652611633172435,-0.4855423257490232,-0.23098011167128607
-0.04352175283839023,-0.560865025136533,-0.23985151836736912
-0.04624169469196551,-0.6470319891779494,-0.027048602389622093
-0.061060949616549745,-0.7333107886232568,0.19421416756712642
-0.09032304354288881,-0.7968815659196241,0.5859372276141792
-0.11205420905837976,-0.8321701655141885,1.0111503816251985
-0.14361550671172515,-0.8499731416077513,1.2298284112039253
-0.169428791959777,-0.8229173121779906,0.8231834478439172
-0.1904365643842772,-0.7676942478736611,0.81775454737811
-0.2196431027075954,-0.7151054987555343,1.0936875961354824
-0.23487401502976027,-0.6595244841517348,1.0000340795016547
-0.2494707149915835,-0.6188630875639277,1.0280345129700084
-0.26517561671022116,-0.6097298408820488,0.8564467988838685
-0.28652743539278547,-0.6114573935185903,0.8096548181724206
-0.3121100027505318,-0.616031190862935,0.8871388534894711
-0.34071022909473175,-0.6220804561490475,0.9537031548142778
-0.3736664874460622,-0.6269798740083657,0.9995964373856323
-0.4132225767776899,-0.6292890579378495,1.1261411819730973
-0.4631818461775159,-0.6256122313051127,1.311009828108301
-0.5230411751685368,-0.6211645484153429,1.3711112308222437
-0.6007946270821573,-0.6187993486140481,1.4125132550807165
-0.6905425963570062,-0.6032188403831094,1.3850972226611902
-0.7754302090526157,-0.5940398226609639,1.156067912745551
-0.8388799640969036,-0.581815684734628,0.6795524769549613
-0.8901425429047989,-0.5789694521957836,0.19288868121131397
-0.8637114888527141,-0.5893127887301688,-0.6953857728974832
-0.8171229979257233,-0.5654832458669586,-1.0998795742967697
-0.7752644687150676,-0.5786290476951367,-1.0704689175322637
-0.689980586902769,-0.577715257249655,-0.9768438414687644
-0.6351753000819077,-0.5874120015687208,-1.093039859760161
-0.5790747346898925,-0.5905260422509397,-0.8815252125512612
-0.5225512458643704,-0.5843209060815914,-0.7374780872615777
-0.48460663134868165,-0.5844025302112235,-0.7102012630671328
-0.4593428028020362,-0.5925640207451408,-0.6489446881455339
-0.43986839394595534,-0.592229335632472,-0.6072179399583472
-0.4130663860182374,-0.5898164479445361,-0.5902691976596248
-0.3750704311251767,-0.5920643996079195,-0.7548621968197365
-0.3241062236749746,-0.6087108223070447,-1.1606840397950624
-0.2681024856790558,-0.6483530099612863,-1.6678058252906145
-0.21012772927818696,-0.7075416090557347,-2.2292470849121
-0.15447016811303094,-0.7807579337365822,-2.859153863376342
-0.0943352071883636,-0.851103503531609,-3.2455103535867864
-0.03162121135993688,-0.9076267678891816,-3.36983689558388
0.034679598441171196,-0.9127415061475342,-3.2578822691899205
0.08619233210958033,-0.9280703312627228,-2.8320554305326606
0.16104237644803868,-0.8908494495177589,-2.5516083423606744
0.2170368038022889,-0.8083297909892676,-2.4021988119731317
0.2925440752395852,-0.7250916528173104,-2.6617550254290645
0.3628066143875464,-0.6474201784668326,-2.49094523455532
0.42563451472204333,-0.583956140532648,-2.3415801917997063
0.4712848838070573,-0.5312110380144865,-2.0920095392429494
0.5149556318630993,-0.4916969783165977,-1.9246210826513857
0.562439570713462,-0.4610160048025701,-1.8950931210066195
0.6145105928797283,-0.43499447855726486,-1.9321821027332853
0.6676914307578091,-0.4139339673043678,-1.966038303617546
0.7239348659881771,-0.39524555801632316,-1.9234620845081725
0.7823798296719611,-0.3774458462686868,-1.7084608561543893
0.8390655806170199,-0.3524727899248904,-1.4742775137385762
0.8759889605943575,-0.33166149083162394,-1.2285382569531493
0.8919516788809271,-0.3159520767965562,-0.7304792461036053
0.9273399678623712,-0.2916971124468611,-0.9429120651336151
0.9507495904633755,-0.25847170108726575,-1.3608243357994922
0.9403890240179731,-0.19890005881797407,-1.7024015648942874
0.9539914607892579,-0.12546642309851716,-2.1672826525779136
0.9646089506610966,-0.03333788494841182,-2.435479913001618
0.9670056659578549,0.0480252082894138,-2.161790327072393
0.9625850365087427,0.09483231266200738,-1.509998476308486
0.9623941510055921,0.11678486441449344,-0.999010468160628
0.9626351246233706,0.1256846350329488,-0.7038035502351239
0.9608456551341861,0.12481930185652318,-0.4888109320549942
0.9619698548093263,0.1188208041992838,-0.34486466985451847
0.9663202254285005,0.09972165699656764,-0.18841330856770314
0.9721158482661743,0.08422864592558293,-0.2507177747541457
0.9829092633842152,0.06982355966348174,-0.2504392179990822
0.994860591656731,0.05604169083107455,-0.18015568306185462
1.0117444762376138,0.04145710471211892,-0.1927575676606764
1.0223656829055932,0.03306625863507554,-0.36761681206173735
1.0460897704002896,0.04300296974309034,-0.4690567117886589
1.0483181455980553,0.030441840094955024,-0.5370307556589634
1.0464405309032165,0.033671641737892395,-0.4498382439506206
1.0129407829973935,0.032437455354241855,0.0028737680188971907
1.028130152076941,0.022488684625842165,0.35144721208954904
1.033080765527604,0.00927958503790459,0.5230838116980248
1.039264018061959,0.014888833309898644,0.15638804720117802
1.0372368652368857,0.032677871190403836,-0.28861565184201327
1.028732338044804,0.05196621051056517,-0.5391457279684535
1.0187583150960144,0.07234827986525982,-0.6307864051570853
1.0088114352393702,0.09358521142941775,-0.5921608803416114
1.0045730007049551,0.10883666209238373,-0.5064394018710464
0.9973231259761814,0.11808642263771812,-0.3330666787187102
0.9956052474947898,0.12215259494907069,-0.14175445606121165
0.994790354508376,0.11902770717803368,0.08729631588267996
0.9952308672393,0.11329713013510076,0.23202870074844992
0.9929011005639216,0.11342249871896518,0.3402391597467038
0.9914203396855424,0.10583492268305889,0.7861355484889643
1.0268172606997177,0.08386098915936947,0.9147499058026928
1.0358806676413748,0.08841482439589053,0.5083014110418981
1.0385039718704148,0.10038836048983059,0.1456466643988665
1.02388284712821,0.10836405440413582,-0.05031418180132014
1.0287383874868687,0.11433272864888992,-0.19515165104357932
1.016613500111987,0.10442626271216149,-0.02107865872303784
1.0092967650205584,0.08742919908430494,0.3448157257598736
1.004738660868804,0.049808173383967515,0.8331891966122154
0.9963707950909444,0.0059453389875591,1.1061214056845938
0.9863295915466145,-0.032548414978290675,1.157005735753579
0.9741152915827036,-0.06750641756763452,1.0767774960927488
0.9660658798947614,-0.09621529923814648,0.9041499682839248
0.9628091102789628,-0.12135889256472149,0.6866338485116045
0.9682742220021584,-0.14168157430839082,0.472055200210373
0.9834897372365554,-0.16105098655558003,0.2767624928255237
1.0022170769662715,-0.17745964501502443,0.10434774296741012
1.0151571131314936,-0.19544174915465518,0.03431738531527884
1.014578994820054,-0.19616393243239472,-0.2777515202240047
1.0495073114927729,-0.17756866792438747,-0.30510997007022117
1.0536777501478143,-0.1939489904338388,-0.34881262672223007
1.0249398026920695,-0.19244598895477863,-0.17735503575708603
1.0070445156149372,-0.19841554760529406,-0.008419531779419794
1.0204259900202661,-0.21340321256787204,0.1670628307767797
1.021148966175592,-0.21308545978138133,-0.010754045797566537
1.026584522318411,-0.2008556882268597,-0.39949858725836157
1.021456355181172,-0.1770538779151542,-0.8163494138040557
1.013566809609065,-0.14332047727887243,-1.1447391980359582
1.0104057123030508,-0.10810775281896864,-1.2895143117528496
1.0087913209449166,-0.0707299132074004,-1.4386868734559255
1.0063765814191006,-0.03472798727655863,-1.5545687742349374
1.0007205001134196,-0.006011911652548709,-1.5623620951470183
1.0030780705962197,0.019960643738531937,-1.536732344688596
1.0050417140610857,0.037697414694586553,-1.4893119527178358
1.00605168299652,0.06482467102674537,-1.4392160502630298
1.0041200580077296,0.09308362910955631,-1.0974387696809875
1.00955041901124,0.10888784491862596,-0.8993326368678698
0.9882491396485181,0.12370760394434484,-1.0500345133254338
0.9683267963941636,0.13956548469699678,-1.2966950225951666
0.9142602916395436,0.16714774825817064,-1.740214887431909
0.8955963853024687,0.1913595562911704,-2.063452559554728
0.8589924514634579,0.2036464590878804,-2.0198214029685664
0.82512373279784,0.18883585952922263,-1.4935822693689589
0.8056890621257721,0.1678119388722461,-1.063126774976536
0.7892859976136472,0.15501279468975812,-1.0662149764319886
0.7728296024919871,0.154585534678936,-1.2138708952615374
0.7614995700705001,0.15829274539426694,-1.334802084032242
0.7565201719239377,0.16304822683355147,-1.4299817863296507
0.7603680303343984,0.168702767186887,-1.5063710409120545
0.7739210420655691,0.17618446949145675,-1.607125590634047
0.7960856230024437,0.1886657170729145,-1.835840964203971
0.8272982104956652,0.2041823002682071,-2.045362723631979
0.8669815404336959,0.2175535654798119,-2.1440190855049335
0.9039142893191733,0.22792504299527064,-2.0997041550781645
0.9303650671448853,0.2367818967878618,-1.8330488873515673
0.9539605309658129,0.261212385545946,-1.4893321067950813
0.9184973903064455,0.24325768191125022,-1.3822669195753892
0.870710282871733,0.23283015650640146,-1.1289856959849802
0.816246377210884,0.2226168382033708,-0.9087166820840084
0.7592805734079072,0.2282963534255154,-1.061082523794659
0.7081958290686051,0.24030068703492194,-1.2090677996316392
0.6740062682979592,0.24008648583141862,-1.1840900770746459
0.644628310066301,0.23260115275557655,-1.1194021931567808
0.6255386763115313,0.224426860797749,-1.1385737135684355
0.6302376439631928,0.21692634998964574,-1.3010899212635005
0.6582978751460372,0.20901129302636412,-1.262767828715019
0.6917076536329307,0.19992340203235384,-1.065735020797309
0.724343716186336,0.18783949697382762,-0.656306939102222
0.7551444140689139,0.16805813912680448,-0.20879206132439684
0.7929349390305246,0.15417016309141668,0.22369681826969792
0.826583674208276,0.11698418500967239,0.6566217106764257
0.8603851760501248,0.07641314469562224,0.9775002063401399
0.8840661257389103,0.02487828539842889,1.4686664223712558
0.899624781348568,-0.03340288786629565,1.8276776850495475
0.9069374464906839,-0.07902955120463431,1.5633354758837863
0.9085900758249551,-0.10126987182279425,0.6444199324716179
0.9414441393131823,-0.10080920383582799,-0.3052780817253079
0.9205104360489451,-0.08363989082209994,-0.5768031319793897
0.9101897340590382,-0.08800393925255866,-0.9192150788212071
0.8775368486132771,-0.06982063284625385,-1.232825185697925
0.8484297023889628,-0.04514670838211632,-1.3231446388138917
0.8213200334622437,-0.02364446722975613,-1.1055620885270898
0.8080630276190051,-0.0018661443057494836,-0.695308356692322
0.7856308605211365,0.015617399720715608,-0.3801259427009403
0.7617816050761173,0.03272591268174322,-0.20470859641149688
0.7408919207002022,0.04209503056793695,-0.15581682219258142
0.7396203532309596,0.04905946017038244,-0.23603233276353353
0.7662242207864892,0.05123156136363412,-0.5467027124639732
0.8152493621860466,0.05303712409502529,-0.8869238709438492
0.8601279202403996,0.058213242081179534,-1.172218594744923
0.888460370703962,0.06047554728778831,-1.2693737535330905
0.9051494281600709,0.04647653483966465,-1.0961615096568669
0.9313947396399679,0.030193088707866064,-0.7895295432064587
0.9567043606470138,0.016358611310231107,-0.5144354406446129
0.9830327691030396,2.615559213375415e-05,-0.3473762643619415
1.0061688729179337,-0.012057508228111379,-0.23627261984594952
1.0380142462141018,-0.0014494604041605272,-0.04587719055219801
1.0331963825064552,0.0065052207818743655,-0.12595264457829844
1.008411254605199,0.02409197437105674,-0.07833742560200363
0.9724736603783785,0.031616081695823924,0.3643806507415458
0.9513610809673045,0.006680648155738014,0.8132381967262672
0.925820779939149,-0.015835746206362786,0.8656012657102952
0.906346783701655,-0.04503565454744202,0.767376530749991
0.8868168144628383,-0.07576812928500498,0.6095488329357428
0.861588795662228,-0.10316836075257088,0.5986769969423181
0.8470966242351124,-0.12510296710275295,0.5119547286705135
0.8436482133665238,-0.13657527791394977,0.5487881473671852
0.8591787203470636,-0.13798294876505743,0.5899189011636535
0.8863060474987545,-0.1369520012123004,0.6580319166918195
0.9217165782005201,-0.1414175033392262,0.7938995277437189
0.949540786273339,-0.1497613849736487,0.7126675055510322
0.9808335881302107,-0.14534477249764877,0.5772556053636502
1.0075912846479032,-0.13993224337437607,0.22685543475930045
1.0180013512045571,-0.13653978574305267,0.045713984266916356
1.0233933010965115,-0.12783360376416825,0.11821510774639019
1.0571023447755152,-0.13467171587427954,0.12665881712374866
1.038547684519859,-0.14034847221256244,0.06471862643917177
1.0076745383304704,-0.13400396184461325,-0.18716966132451707
0.9844327361909758,-0.11939387793432683,-0.7107369411395453
0.9619329869563968,-0.08215153911907304,-1.3560995136276075
0.9344257865158176,-0.042986883963256374,-1.5843524623697967
0.9230575873788999,-0.00800612494259925,-1.252561698884242
0.9133792481879355,0.018742528162984922,-0.9143405834258659
0.9016150313178576,0.04717976283378636,-0.6208449955913615
0.8814289140552914,0.060973469187992395,-0.18502221841430258
0.8488310529309798,0.06955990911822388,0.16354468047203713
0.8381524081738668,0.06546165307455265,0.3356248649900276
0.8532457751250822,0.04614952129993438,0.1566335252768777
0.8818686294922957,0.02776805282449371,-0.05289203623831594
0.9143995137018546,0.012091470272769696,-0.30742204579357857
0.9419760972132217,0.008455479530321521,-0.5138911701566297
0.9627837066524783,0.0005495247501169699,-0.5860195373452138
0.9878709726460867,-0.0172296909958014,-0.4917867504146033
1.0090268618658507,-0.032252488218688036,-0.26662565620881
1.017791241203296,-0.039217390136889144,-0.15062471839332264
1.029703957834759,-0.04839964874158439,0.0742825400496362
1.0654861529538162,-0.030987047914158475,0.10229056391806476
1.0531648526387585,-0.026665085521556296,0.025315735510365416
1.0086982178060906,0.0018378673838911695,-0.08064356628032907
0.9718022978630088,-0.004313268381554029,0.22823861676244128
0.9523461764962138,-0.02121077219451714,0.5827860292107037
0.9417621981670894,-0.028612855247155355,0.5997697746836891
0.937261791226496,-0.03455769478988559,0.3363100651723979
0.9239107202126752,-0.04345120038448694,0.06470753244677936
0.8999475056794443,-0.0486848637630853,-0.20836936762425848
0.8945206276311338,-0.04690448091939763,-0.4881651955094012
0.8977105433476721,-0.030028496259520237,-0.6520607777402379
0.9105582218346132,-0.016476709708754048,-0.5783385772189136
0.9311306530105103,-0.004338803322000933,-0.33501366335842825
0.9526753808770612,0.005138203456945713,-0.03884966925087627
0.9755019510462936,0.013415997650540586,0.22495476987716637
0.9930536787834384,0.026964120999818486,0.2913004097514141
1.0066893114093518,0.03933584996847263,0.13969380275503576
1.007793283750877,0.05263382862024632,0.16519882083121193
0.9830819910123734,0.048040424476295904,0.2942143771659173
0.9818433833481182,0.025755944248050867,0.16752353117939645
0.9255720829074539,0.016128545532141846,-0.08744212580671072
0.8885091102969074,0.012648236259750433,-0.5178773179505812
0.840185662755819,0.0183076920997775,-1.074878074570011
0.7712995805415167,0.047576070724996464,-1.7020072206770156
0.715300039216867,0.06212977379305729,-1.5736844219102484
0.6743264492303748,0.07032369157200903,-1.2321515928009967
0.6388951357709309,0.07928187505569902,-0.9836979256476706
0.603193353593238,0.0821582496804198,-0.8163899278196696
0.5687067788282628,0.07536932567474389,-0.6013790291371152
0.5386983492121749,0.05257246495872093,-0.33797795963370214
0.51228919825594,0.01883666830542813,-0.05920270113740712
0.49932857546490406,-0.025570144977139643,0.39678825430436887
0.49190500703391454,-0.07499491824279159,0.6655185295676762
0.4904621076847359,-0.11912120788556024,0.9347542146108001
0.4895653036457111,-0.16579347147239737,1.3514673125546606
0.47648267253104204,-0.2078725503545074,1.747504843761509
0.4531310222173496,-0.25223425342562844,2.0494341467627586
0.4127905537219089,-0.3063266213830176,1.9280470985074023
0.37897818904260566,-0.30188236860107304,1.6657511683334008
0.33591138942312593,-0.32327858792381853,1.5917877495534771
0.29760057663007583,-0.36071701168981507,1.3509768278705874
0.25612187962175975,-0.3654515103840474,1.0973715647521969
0.2049447625565396,-0.3415843105603868,1.0356024512116266
0.1588981001768591,-0.30911067469278,1.0036202588539203
0.11893010568641532,-0.27017219716865654,1.015354861955333
0.08708105888508101,-0.23132636375125729,0.7972959566563381
0.061721937606108626,-0.19584210048571474,0.5025876862530873
0.03804698554159359,-0.14715804029261423,0.331662878513332
0.020734916968354545,-0.10797621573482746,0.3905785104742295
0.003991936557597469,-0.07710899279878863,0.6467485301983512
0.022593013849154246,-0.045352934153342975,0.4344534159168717
0.04200108273704583,-0.004544876989000583,0.16244869581513716
0.04948573377132967,0.017279417535357642,0.16544192767866275
0.04394983092508389,0.025032088403726806,0.16541434378484854
0.039539112709115726,0.02363142021879092,0.12650955860920896
0.036976622560374116,0.016295273713088605,0.05680731363143469
0.03417343045598874,0.009130891659306941,0.06586203928465162
0.03268170013562332,-0.003557929638325414,0.07816005721063835
0.033784057050736414,-0.015819032878962164,0.0229491143997546
0.03718136759037791,-0.019930069626065406,-0.13257861579148533
0.038165905578230123,-0.018889239733066453,-0.36632212895192606
0.03850230750983309,-0.013732859696943475,-0.6916295540203664
0.03759939801167169,-0.011851275196275804,-1.0179572643666936
0.03432907981301594,-0.015093696866903296,-1.2062034903537089
0.03549729299471888,-0.00893771405205782,-1.5764281384419896
0.03542157704617789,-0.0011769161971581195,-1.986089924004546
0.03298383384809394,0.009720841502272197,-2.247968562342356
0.027099497482981072,0.020822098279227843,-2.498797944541633
0.01628672367955844,0.028176726962470235,-2.707329686123308
0.0038475423351106448,0.037129849205520635,-2.734562339879512
-0.01428076462744173,0.043773487012008554,-2.7897924487525048
-0.03329343067558581,0.04785965244487157,-2.8247051683406608
-0.0501535171523394,0.04714534869435203,-2.874014494058703
-0.06639856932612004,0.044877590687849835,-2.8163111919460713
-0.07835215029124938,0.04094000091883567,-2.7117055610267786
-0.08474617484427349,0.037739936492136035,-2.5931708296631597
-0.08523291055344927,0.03563366094267716,-2.3712010303532214
-0.0799140618152363,0.03122162756341771,-2.0856417931244238
-0.06947165765751954,0.028841812901313352,-1.7564721152169631
-0.05720990575953282,0.028262898323190542,-1.4571161819109921
-0.04521018563063118,0.02791225697222656,-1.1769511698625361
-0.03729332080965307,0.027830763903559704,-0.8692152163953262
-0.03342917496881785,0.027942725527128155,-0.5688249512291663
-0.031000170535123137,0.023954816356152826,-0.33317459109242736
-0.029963014825783778,0.0189488315100295,-0.11211126397401111
-0.03282752139028405,0.014116499397724707,0.11026892188943369
-0.041089700072870876,0.008565546820671217,0.3107743985177449
-0.054665332876601046,0.005515958664287699,0.4871637722080801
-0.06721507281076555,0.008362110708425931,0.5578275357061736
-0.07254157688524573,0.017111338697638,0.6474772563326858
-0.06887807061655246,0.030049853629811,0.6755664248273332
-0.05455837179033558,0.040820903584885805,0.6204352464201857
-0.03415124265783168,0.04917207432296415,0.5876855126957415
-0.014974755824453019,0.056805830995747215,0.5743251849526548
0.003987061155731775,0.06542878403297485,0.6748366940844797
0.022310901249303686,0.0725982119178539,0.7855628850001076
0.03769794047954333,0.07687780033893067,0.8751774419085754
0.05170382712905757,0.07765423601238847,1.0464412056605332
0.06293346283220784,0.07278405500783938,1.2687147153761913
0.07417227986478228,0.0611415500090184,1.5348109755663786
0.0870071195792786,0.044627046929471476,1.9193864734382498
0.1019040735093866,0.02516000558082554,2.2776333339927026
0.11959343660272952,0.0023852912937754505,2.5894894915395277
0.13385420299539674,-0.019392597553725917,3.000149236458415
0.1426312755663204,-0.051791930857244366,3.287399125859862
0.13950059046239643,-0.08457806009609857,3.5624313227275093
0.12136648990594404,-0.11496955143885254,3.746732653239582
0.10850834113226267,-0.14642961574674676,3.703174253158518
0.0690638701030841,-0.1870951265427168,3.5546294997884633
0.026056862592557923,-0.22067744435598446,3.34698520643709
-0.024383246936654408,-0.2491262446364161,3.190396050463555
-0.06466030787184976,-0.26205213944785527,3.032137860117164
-0.11230137961712629,-0.2713123098228793,2.7967414966366015
-0.15811930699550367,-0.2698431243466874,2.2320560787649435
-0.19674578015464927,-0.2648165264149281,1.6465231805494616
-0.21846647299759123,-0.25047085747931097,1.0921355528001724
-0.23184860343667343,-0.2280878547924723,0.7296126486008062
-0.20764578517039325,-0.20091107529657165,0.60325420571907
-0.19570449364855705,-0.1695030230732873,0.5831502543826357
-0.17443260093737195,-0.14073392795001563,0.6140871983068124
-0.15059935056970528,-0.12036386076331929,0.5340679705716268
-0.10914867941713403,-0.09748582017522212,0.4005956636810556
-0.0738879754271834,-0.08284554234360382,0.5984063779594776
-0.04263381688401416,-0.06654409189822001,0.8365344466669746
-0.020818404889430868,-0.05104656939657262,0.9678316848724714
-0.004894514649785339,-0.04144095730912174,0.9109593915326083
0.010188511211323007,-0.037613190306225015,0.7644163010183963
0.021665196648645652,-0.0369673979264566,0.6207713788941285
0.03178462972827896,-0.03964806647350013,0.4631467950443555
0.03699439799472178,-0.04314407639910601,0.40261833639326255
0.03679717455411754,-0.04641662623081399,0.3864831093699324
0.03272333666740404,-0.04777956243523464,0.3779399992902696
0.026344681427300575,-0.045788038003724524,0.39473356529341086
0.02056177191379618,-0.04044349888617346,0.3930989213713236
0.0168461504613453,-0.03207310954474991,0.32531710992624613
0.012742103401378121,-0.022836659288597804,0.23578012302810142
0.008223688446030436,-0.012088903140673398,0.15959876823531086
0.0033457724827597127,-0.0018560295366494483,0.1097938754927583
-0.0018453102168039842,0.0077939588251736995,0.08702741189023486
-0.009026807333669035,0.01863461469690206,0.07520816224069977
-0.015756095775903527,0.030789280530710256,0.026240633661506373
-0.023069858005348422,0.044962163593053474,-0.07599549360653068
-0.027125234082383154,0.06397306241621906,-0.280609462542635
-0.02667414382422679,0.09417515671964861,-0.7509487128181751
-0.017007908048557084,0.12822635983504546,-1.2460952816657678
0.004966690563548041,0.17673089148269142,-1.61814541116141
0.007009849349594887,0.21214932035693146,-1.9340047489984606
0.008852135700903374,0.24861173651811477,-2.308689164281898
0.008959467179054641,0.27718413337750064,-2.5199632970183328
0.006112486989735492,0.291825373458616,-2.826803607032791
-0.004587140622534903,0.2966108852082175,-3.0688500771521823
-0.019703393433307043,0.29052478505937956,-3.26004354583752
-0.04327206865035002,0.29670108241953447,-2.950015396318102
-0.06176990667662963,0.2807585602228497,-2.8783614693337833
-0.09166317727213072,0.27422957019176336,-2.9607403650301634
-0.09279437025372334,0.24505894647391965,-3.4927707083524724
-0.09518502200768568,0.22155324922690406,-3.590287796122677
-0.07706620361837052,0.18807431192467103,-3.025947610337965
-0.042708124576507016,0.17228545976544393,-2.3489315109147624
-0.0061827845566640414,0.15633531318256474,-1.9584423305654441
0.017811112822354674,0.14240187719405833,-1.7837758789661402
0.022963286289306165,0.1233615225952725,-1.3951116844380191
0.028682909827234235,0.10556534761574606,-1.074869617312762
0.006796493167251108,0.09613146684980398,-1.0900111102176395
-0.018636190981650584,0.07254957922423133,-1.039639282268614
-0.027335619666874172,0.06355266834550796,-0.7702470122593685
-0.026681116135230467,0.06368394127201522,-0.3803723575315041
-0.02964566861731491,0.061719947492089734,-0.2874925367106392
-0.029678449671964535,0.06316232237971452,-0.3168679063075709
-0.02695891600280092,0.06366842405040209,-0.5030613691668196
-0.02660856769648995,0.06145055342502795,-0.7370505223747541
-0.023389314272002297,0.05211680577858367,-1.0154955227885425
-0.018927267967747113,0.034654218857065176,-1.2374971253321438
-0.012551152282190867,0.013870350612986799,-1.3718816021609024
-0.004955228361079582,-0.0025167002012940008,-1.4158544561372401
0.00846330558311472,-0.018690937029997533,-1.3834164329346141
0.03251503788505909,-0.03588459252029654,-1.5027477307824715
0.06270457739987916,-0.04830086450887327,-1.5212293187552794
0.10124606262008969,-0.05418501196449511,-1.4393999392123527
0.15392288491114856,-0.05045993620043093,-1.2905833958140884
0.20968016086915953,-0.03826786766003983,-1.1991453726075894
0.2883631110396588,-0.024109906122990313,-1.1306028072198882
0.3740236989031611,-0.01622669624995227,-1.1590093269880766
0.4590602580737632,-0.0010960799064268904,-1.123725821841995
0.5420636428332332,0.019936499244294626,-1.0408315081095818
0.5966304835243588,0.01428916262207404,-0.8917080495932622
0.6387583754795105,0.01251869949280957,-0.9480070091087551
0.6846270202713369,0.028614801941922008,-1.04872701992288
0.6979904377308359,0.020788048624831017,-0.9142830263005534
0.7081101341640836,0.011194238409964662,-0.916363725919898
0.7021342635406917,0.043997692946910284,-1.1806750221973548
0.7226724338649846,0.07773879533791084,-1.4770385921545535
0.7445204472461459,0.09079880123723279,-1.0011320449185286
0.7490293736434072,0.10156091703321493,-0.6638144464936907
0.7441265130508986,0.11778476513472164,-0.8363539060945645
0.7312725052588159,0.13411974546369126,-1.4004430884557253
0.7244990144830935,0.13958364700423778,-1.6911770125196823
0.7324782420554576,0.12471826908413272,-1.4568982402823836
0.7450321954789997,0.0989754858746936,-0.8658789897514488
0.7728338033282866,0.061907354534448254,-0.1439748200412761
0.8073681427187902,0.019523676433663525,0.44895456273666917
0.8531671556338751,-0.020570527608106348,0.8437218796907557
0.9169082045288185,-0.05702256990043917,0.7981803948197184
0.9450603081360908,-0.07774666996013546,0.6079971905584436
0.9562348349929795,-0.09445469846968489,0.6278606963621273
0.9709199032066022,-0.10921746070440738,0.3736147647256654
0.9696585601230009,-0.10767037816152941,-0.0029611879958432396
0.9669401134664939,-0.10823303079883748,-0.3694858960107855
0.9424763127896295,-0.07120781968371376,-0.9582420785764244
0.917573782369346,-0.0238519637549978,-1.2624036367917755
0.8932036441363935,0.009593320996363477,-1.12870911236243
0.8889232502132792,0.03913528197553638,-0.9141596790721102
0.8914494311436834,0.06283789863655831,-0.7199686987014194
0.8945073842407055,0.08448067488847166,-0.4680271162128868
0.8939637715085352,0.09453951763381377,-0.2858739986182845
0.8944622510864094,0.09105777842154375,-0.1782498572675416
0.9014604505200233,0.0827054121881798,-0.17457791730435004
0.9012186092633985,0.07215944123784578,-0.3138661006011425
0.8902684453587082,0.06958190144933422,-0.4653283704794316
0.8904187747048008,0.08010802426905685,-0.4929707696283859
0.9003728809949203,0.06502083187558726,-0.4207484316826456
0.9198379050055402,0.06741210887228222,-0.3340758607900978
0.9405563102814111,0.06891857077013827,-0.13084172134542005
0.9350985677129685,0.06675677141911579,0.1611255817231315
0.9106449132242985,0.07942528499386867,0.27577995357182367
0.8444102361176355,0.056194831414399134,0.32521332744187953
0.7670263467115102,0.053034483266386274,0.2472218131415088
0.7169756549190045,0.047816321125335605,0.4092402742451875
0.6649200280549413,0.04098436208974449,0.9161788151702157
0.552539230980711,0.008004624190700582,1.5828062236190723
0.4271548335703516,-0.02801604534502389,2.3122178437221854
0.3186341907529496,-0.054060517435813034,3.0537600024820795
0.22164512735356404,-0.07710048728206813,3.836990463355146
0.15468906052176587,-0.108087909971928,4.3064150626330475
0.09523903022626291,-0.1202500775532936,4.623366570418832
0.047777149158815986,-0.12310953212342665,4.644547668927366
0.011757017690538132,-0.11595328520458761,4.567417835266525
-0.013478752799695232,-0.09718422152699477,4.338228482503442
-0.02752903384371073,-0.07710346914024892,4.111568577768082
-0.027716910732529354,-0.0576020293174979,3.9258231807313297
-0.01329708031602178,-0.03342235706980511,3.8252139151844444
0.01963691703184597,-0.015525112834422964,3.806920597616516
0.06209842281314661,-0.0004317677360496593,3.8399046988796663
0.12309396816796912,0.021096613067865904,3.705499820488136
0.17508375758897535,0.03918828233186352,3.540796465636476
0.21570329345070005,0.06581764963422419,3.4205838382806504
0.27389874601974984,0.09748749068029305,3.253342016028686
0.3358844508155658,0.13944753533819848,2.816033275229402
0.40135897041066837,0.17529077961076403,2.1691310581547847
0.45128117495802683,0.23237474953514353,1.3185929652799422
0.47656571246710094,0.2825121070091085,1.4463814627497575
0.49085893818025217,0.27593383851030495,1.846678933143828
0.5101676003581037,0.2557939761061316,2.0763080482288534
0.5412573128488436,0.1998889176103749,3.2966549084371373
0.5614571021600449,0.15891350617328434,3.608918865418366
0.5871227823957659,0.11678644759429742,3.628054407925721
0.6092537182577988,0.06646282762461829,3.9260949272986494
0.6336366710528422,0.003694579932634535,4.302632268132173
0.6553088717400121,-0.05606377185758225,4.4171386428696175
0.6915231195861958,-0.10322828435614945,3.9772160249353488
0.7372492758636122,-0.14254043770314426,3.1184396206197564
0.7903119159199554,-0.15588295731499546,2.0939177841843852
0.8364663233075498,-0.15504440890130922,1.2741498346547966
0.8886489714983244,-0.13185201530879567,0.6973785863435544
0.9480052309084578,-0.09345919436704975,0.08604719843935488
1.0077954934636655,-0.04245263999835571,-0.49482126858949244
1.0672649054966612,0.01964392852129468,-0.5191755238949975
1.089861435287124,0.059761173752513934,0.11597386754851052
1.098086026574622,0.07120222846792808,0.6664931459159802
1.0136642564514933,0.03252381448079385,0.9574097685368085
0.9789532073745532,-0.0023496699084099757,1.080931792967167
0.9481637790875136,-0.06517593804321326,1.4954998945776972
0.9434114240362129,-0.09325169690960591,0.9776932330646418
0.950898768189049,-0.1044563705293457,0.46506891381359977
0.9428554166503423,-0.09051613672190344,-0.3732770450198462
0.934048566348627,-0.06372801036131079,-1.1395171003304825
0.9268756588876743,-0.03815237693350343,-1.6697189295282335
0.924162935589709,-0.012849222408173844,-1.666050230704428
0.9329864266171437,0.0019375461753246448,-1.30686531607832
0.9382431007476945,0.00038393034804377733,-0.6924273856797427
0.9327857016297385,-0.011298018665713108,-0.15400514985446673
0.9329043354068298,-0.024908932114141216,0.01928133207150765
0.9439567970193488,-0.03330832300456507,0.037319990260643816
0.964661540905729,-0.02610154727101564,-0.03441895779160651
0.9899726636313629,-0.012942029357506978,-0.3146395386629672
0.967688599498627,0.021853674409376734,-0.5508994035923782
0.9395532807228537,0.04899440499611484,-0.8981711923264972
0.9181928290133113,0.08143133618858085,-1.435760015485721
0.8694754707979819,0.09834721845213744,-1.4924156565998539
0.8128247580244969,0.11809064189641766,-1.5556376238508518
0.7589298532203681,0.14373108702414902,-1.7454835070913448
0.697551044221901,0.1557040267191054,-1.739947402190553
0.6558727776043819,0.1547006165784304,-1.2674914321298212
0.6192167291131142,0.1557079813093468,-0.9530326306973095
0.5861355091753581,0.15617476100755923,-0.942616840654515
0.5462259063738696,0.1452246107222976,-0.9712834337891689
0.5137020444913524,0.1278831430762029,-0.9325234168621013
0.4844749229552158,0.1020918169789657,-0.9019311310048276
0.46480942757537125,0.06447736706805911,-0.7796607229955834
0.4489738985037383,0.029152368349847937,-0.7526883866609139
0.43519905973437817,0.0013447035359617056,-0.829166368875264
0.4189334764354878,-0.01639169106571834,-1.036114882104489
0.40856965551488433,-0.027087399606568568,-1.2539114859758986
0.40242652219797986,-0.030738727147077375,-1.3750644452902272
0.39869767275363727,-0.03349536846844752,-1.40483446254264
0.39991059559301595,-0.03136615033219942,-1.4319927413728013
0.40996816996649843,-0.027734838872540114,-1.5727315790858458
0.4340880196465807,-0.02205987788268904,-1.6202428486252551
0.4720740857954558,-0.014205558015534218,-1.8890290405431003
0.5293883229154496,-0.008327359660478505,-2.1188158782797775
0.5991669602875358,-0.0036910880483240066,-2.21967217632366
0.6694568410305061,-0.008478903622783364,-1.9451466412976164
0.7603757642750237,-0.02197858493206354,-1.4741558600084033
0.8016121294550285,-0.0633625258505252,-1.153335803593928
0.8234291250545568,-0.07732891431987543,-1.0598704715681568
0.839646956312432,-0.07821314610405214,-1.2966543553703804
0.8443065111812735,-0.0644520999389431,-1.3194924566040018
0.8319585239077549,-0.03768622723328871,-1.4564641597662686
0.8414522193139677,-0.008048985213628927,-1.7282217984671866
0.8657663956786769,0.007216005611660644,-1.433785627029618
0.8619550986694074,0.02703236186408108,-1.298655411560735
0.8498617082439464,0.05443055020548606,-1.6026106912064337
0.8440282257475447,0.0824990970687736,-2.0096008315367704
0.8448584190649605,0.1062624077624185,-2.0317819328329234
0.8537370576986004,0.11185673719464462,-1.6598664645491346
0.8646143418820984,0.09698998006328997,-0.9180420253706177
0.8703426683293577,0.065086693299825,-0.2580841435727012
0.8896869322006793,0.03128164925837565,0.19367188666437452
0.9199848973089801,-0.0058741454323137255,0.5359480705449297
0.9575385008400549,-0.03281239436347216,0.5826419950587498
1.0153595595453955,-0.061669159442148694,0.4932775050476067
1.032140897857557,-0.08140087227429636,0.28697062159697184
1.0504750319668101,-0.08373856322870028,-0.2541705197691652
1.052606284258522,-0.07273764185032615,-0.7312741885474935
1.0304746109576575,-0.0379156676886034,-0.7915896574238307
1.0070693111786513,-0.015316223008806498,-0.9114863989402419
0.9726809869330144,0.04676917202694242,-1.5508495007669019
0.9299386294297872,0.09684078659504827,-1.6205025134326105
0.9172308057191375,0.11909840390682516,-0.8910399762879045
0.9087478258855483,0.12612305500774132,-0.3246634667262226
0.8973054784506693,0.12700520370222937,0.04861427190397034
0.8872225955146623,0.11635107524024454,0.39804095815852664
0.882685089116286,0.10497096090224878,0.5586364365573844
0.8821871338455494,0.09570061232782238,0.5479964054234173
0.8809784345129028,0.08463921459421059,0.36133235388151913
0.8821792959562937,0.0814636775816573,0.11507827484181082
0.8978100166347236,0.08550032246500294,-0.2447431087681873
0.918446734814515,0.09389348120678913,-0.40040977561912366
0.934562454912326,0.09736209351286,-0.2958198644265841
0.9489898843632546,0.09700071054429418,-0.22245605087558407
0.9778405765386174,0.09570503132474464,-0.15891881963702129
1.0171616334812423,0.09208128886075496,-0.049563921350713754
1.081151769457647,0.08673308388208224,0.338399783927726
1.0725113214931397,0.054133631751609276,0.7552425100734305
1.0450507731614813,0.03685818474943745,0.8251417510669483
1.0238435436980255,0.021145091672996393,1.0049077109823579
1.019377113266364,-0.018121052508419232,1.2557282853841558
1.001580693599797,-0.05539759970481134,1.4821976850940501
0.989206457279351,-0.07910041241369303,1.2336132930305328
0.9645441476196017,-0.09443159819291741,0.8047485407432612
0.9336866447635598,-0.09534547939932278,0.33993642806673185
0.9083653697810831,-0.09555462522975491,-0.06516793143648175
0.8956295525434032,-0.09293430783750768,-0.19246606858264667
0.8910948046349058,-0.08631696684160552,-0.1505237440636891
0.8941990658366769,-0.08625043273282491,-0.03173256523183082
0.8912469446808801,-0.082936761084714,0.047365411934802856
0.8888486494839709,-0.08064606351622472,0.1070915477455178
0.8908797923255075,-0.07557547306316843,0.03491659643368729
0.9034620880091846,-0.06855077148342845,-0.17710853437315188
0.9146637153165764,-0.058206238950527074,-0.0782710604529262
0.918699348295777,-0.05949469130506424,0.4360457204357844
0.9299928086679252,-0.06998196529997157,0.7547200056677741
0.9792763213661987,-0.10010002990576822,0.21736832110186227
0.9588952147092017,-0.08359408001726445,-0.6415294487225175
0.9682543081566232,-0.05951543667053065,-0.5552618595383115
0.9620267491843149,-0.049334220405136305,-0.37150167733058104
0.9432735858018895,-0.008062753199353446,-0.7327058527792419
0.9237837811260377,0.030562278002605973,-0.7573582937265428
0.9211497269376087,0.05333564266159947,-0.2967600186443561
0.9171528949430305,0.06264995648588433,0.12050272207277636
0.910120738301087,0.06513971058926464,0.42137443638682137
0.9094305768781655,0.061652072636043574,0.4964738893616413
0.9172136954956152,0.05218325057559666,0.44785679446021104
0.9232083992563458,0.03758329966623206,0.2957395314054132
0.9229749478960991,0.025195017427760383,0.10732806286075035
0.9217414148058231,0.01659830348095524,-0.13190564285153364
0.927075906513151,0.01962488704767539,-0.4479966509784765
0.9367795347913455,0.028100949649805612,-0.582530387203282
0.949233995506684,0.03430651300768121,-0.5207826283613034
0.9490788499454254,0.041706836165266034,-0.4272106286070298
0.964940251149649,0.04628998829604214,-0.16262861784879204
1.0175532467286204,0.05803411914243346,0.22197481957920576
0.9885193731878114,0.03996361720251008,0.5304142743797738
0.9515256863621759,0.027206334208145437,0.5032078464887573
0.9265525296702484,0.025844014437415203,0.5690577917712327
0.8950008067277709,-0.002393481238012501,1.0457885480939024
0.8756160384121187,-0.02848527787514115,1.1986320916046487
0.871299597117916,-0.04060683018357916,0.7114964858365701
0.8542302580436035,-0.03991271178015925,0.08329874186557233
0.835189649629733,-0.0324290446976726,-0.5632523310785431
0.8209370512837706,-0.015538977449723315,-1.0787123439250899
0.8235847240149066,0.009568818799046766,-1.3998568073850992
0.8296838829208437,0.03463699081513651,-1.4774053726930196
0.8317605989870104,0.0550078788617057,-1.3336808228003105
0.8312550903344825,0.06141203915975052,-1.056613161674163
0.8325340323215634,0.05829361958121456,-0.758623606156673
0.8293928540430335,0.05124404898415021,-0.4486648162104962
0.8126020426435604,0.043227863207146805,-0.04269713875786379
0.7710184086609769,0.035140077747926955,-0.030272013315895113
0.7074980453242669,0.023325178031162044,-0.10805225729070586
0.629593211609778,0.027037151331389345,0.348494208504601
0.6054841410070709,0.010484232434719116,0.8703919350752517
0.5467529906078606,-0.02436224987434324,1.371048799362194
0.4930222119881075,-0.07554440022451887,1.8337451846165922
0.433825452714536,-0.1421986681585528,2.431305482674137
0.3644127436652975,-0.2045402840229551,2.8949087492580063
0.280566812314212,-0.23871661754938983,3.1169545832621863
0.1964108280991116,-0.24060014095460172,2.8150316983306283
0.11356336412748909,-0.2296051937654272,2.4633818040980637
0.031042601635610435,-0.21756449387623475,2.201771576166445
-0.05180055148962171,-0.2009095708809643,2.1004712484594927
-0.1409414318199859,-0.1751179447965622,2.183910370870718
-0.23146030435465698,-0.13795975163380672,2.3171752240155032
-0.32184734019797456,-0.09086374512902747,2.429815173534367
-0.40413988149807106,-0.02962800429497088,2.5894825923052878
-0.47582449009700756,0.02517500750591789,2.6684611258516564
-0.5263148521758689,0.09639390045351447,2.5242626292912282
-0.4968011914974011,0.16418868148999985,2.6256014547386766
-0.4529657061945153,0.23280615215943873,2.5068205498699196
-0.3670787167245955,0.28742574273727867,2.1010873615435304
-0.28041883276009655,0.3232392982349827,1.813240216758941
-0.22516677305100782,0.3580953147666813,1.7779544481836644
-0.17568645910404984,0.3802588625012678,1.4968025448136455
-0.12788890909218767,0.3940939689431532,1.1540759778515657
-0.07779023446355648,0.39977412463710643,0.9792782332643895
-0.023590659119158346,0.40910002806251944,1.0679869273915055
0.027998816417878644,0.4246077802986192,1.3619511733734442
0.07629810045145129,0.4598521836156124,1.6639765843462926
0.12470004736796121,0.5001640240086762,1.9248436696879638
0.1757738209485662,0.5409403447628441,2.0538457964026313
0.2299708520510917,0.5911315134739443,2.1736378444342765
0.28201455769010975,0.6404461868618814,2.3476112193148437
0.33970607157555227,0.6768379033931076,2.35343819437201
0.4215067449881373,0.6658985424650181,2.3099963581414937
0.47389795021121356,0.6687413334420904,2.699545820302276
0.5104408795884495,0.6005744980502261,3.1094302044531226
0.5525032445609152,0.521495980367923,3.192260151116239
0.618315510458486,0.4250814222499247,3.407234073571298
0.6783941090874857,0.339555290092506,3.1578724124973343
0.7337733142032223,0.25888395995452407,2.924061508482974
0.7663054944075229,0.17045079434855478,3.0878949657002766
0.7889797094127478,0.09656274226307225,3.289531224525778
0.8152278047929015,0.030252479277380038,3.265677119176946
0.8547053996976326,-0.02551492302186938,2.813742103967088
0.9029327982200959,-0.05967988803261709,1.924592404544294
0.9425217397497185,-0.07074821638552119,0.9883906552335624
0.9697138349688129,-0.06094695004854387,0.3168443975032836
0.9931514002014935,-0.039806444373852334,-0.1161758583117137
1.0228706956655147,-0.013300510359634025,-0.396921009591198
1.0542668823373256,0.010300036657043522,-0.5139378462568627
1.0818003615398109,0.029679382188392923,-0.4986578254749358
1.106542884833344,0.04094945543553251,-0.38496053873229086
1.1631921039864814,0.04888269250211046,-0.019216327075206447
1.1393352778514103,0.05006902123864254,0.24028536455225208
1.1015590410584923,0.035137828135917225,0.5578707203656105
1.0822819225427678,0.0028311393402322615,0.8779052771233576
1.0513434336547955,-0.056392279409052164,1.6371333851382022
1.0350464202844822,-0.11343844819088374,1.854398990836337
1.0229969550873776,-0.14329344528961685,1.488981582591909
1.0066846086945382,-0.14849040432063493,1.0982470787032783
0.9814285320859942,-0.14134685816986226,0.608104363738459
0.951541981379474,-0.12188019999579933,0.13168772164941978
0.9405358547389121,-0.10284978649596074,-0.21274337906983876
0.9458395935828394,-0.08005847919014239,-0.46476254277999407
0.9553743633321146,-0.05483488337194232,-0.44924245498807697
0.957765665913228,-0.036690684290491854,-0.3661855114379495
0.9583644183448007,-0.013510512033448444,-0.36643435125711665
0.9731829707499378,0.008343903438691676,-0.36051405768383393
1.0005063965795318,0.030624591507254682,-0.3707294605740479
1.0225120593757087,0.05693747359994625,-0.3022972332856029
1.0473307054017467,0.08352483509808008,-0.21770888529440002
1.0930621558726514,0.09728431954977015,-0.2878441411323064
1.0713278365302579,0.11033360677258236,-0.602787327226587
1.0401271701161754,0.11305065949843626,-0.3357530544265374
1.0285659205253928,0.11324589587663231,-0.1197983454034382
0.9891769805978806,0.11489049058015971,-0.753593021197663
0.9411613747428006,0.13512457971374217,-1.4528396042899534
0.9149539956245895,0.14159563910334586,-1.0918615738987978
0.8992573979155296,0.14504025721871014,-0.7475963720850431
0.8823672407356852,0.14433856749687565,-0.3831900651261752
0.8705566884671914,0.1434644541235392,-0.22127428251974596
0.8726562269288505,0.13541980862415884,-0.1376603736493311
0.8857782770433191,0.12276495352970393,-0.11413909699162163
0.8991572350523129,0.11747479944983341,-0.291656314102988
0.915899714078615,0.10265919878760928,-0.3760058841757381
0.9331333932377083,0.09142438463004536,-0.39444391221737785
0.9592091606745506,0.07190897676125503,-0.27100016785213965
0.9917896063712532,0.0422726177932751,-0.08573911760381407
1.0193243150924083,0.0003683823656610314,0.13820676822905206
1.0376262423999,-0.04500222873041557,0.16836535614035755
1.064530435298875,-0.0841845328753359,0.020486283481437103
1.101406106858685,-0.10173287677072887,0.06422098474476176
1.06890586503823,-0.11869884673463756,0.13735964819008775
1.0405853067580937,-0.1362653450856261,0.40052511217966646
0.9852316552586602,-0.15222139050446615,0.9370132510101147
0.9389194718770372,-0.1723470208730906,1.3031335805518751
0.8895285940032415,-0.176651024554987,1.2994159875468958
0.8567132820044986,-0.17317779373492456,0.8118774308117543
0.8197748620143284,-0.1588011061764387,0.28855963366355286
0.7913526593526596,-0.1433282522123872,-0.2745653227888084
0.7773879748796555,-0.12726580207833268,-0.6779532956021397
0.776743389028512,-0.11072132818309087,-0.7533428260029585
0.7883788900182641,-0.09927748568331075,-0.5855983950527269
0.8015041326796307,-0.08064853215959017,-0.44681149635542494
0.8122438766390525,-0.06493886429848256,-0.3972902202657727
0.8215812033222957,-0.04521034547204144,-0.5328585485932504
0.8410550632261631,-0.027433882240492428,-0.7314135598175607
0.8603756503909005,-0.011104240657082824,-0.757207853737439
0.8718035208097706,0.010921551562741856,-0.4173202381671459
0.863511264467447,0.024698890818944563,0.09062634078593536
0.8608735810022543,0.024855237131962863,-0.03560262209219915
0.8457992770868781,0.03721059701971256,-0.3510619542879463
0.8290793805561137,0.06001728330265583,-0.5865196936212482
0.800902063243094,0.07055445161251904,-0.4093844694350767
0.7531524687407981,0.09368899007417682,-0.5419564882972913
0.6950749512743899,0.11518005546036203,-0.6643974656741759
0.6474293464352576,0.12234354463583547,-0.520436674256793
0.0,0.0,0.0
