time,pos_x,pos_y,pos_z,quat_w,quat_x,quat_y,quat_z,vel_x,vel_y,vel_z,omega_x,omega_y,omega_z,twist_y
0.0,368.223206,89.575699,-432.884186,0.5716852753805434,-0.4848831740682316,-0.5328194465011152,0.3926419372008475,2.151088686731276,34.884569052139,-13.422140439416394,0.20295442696957527,-0.9548730057788074,0.054429895342677274,-0.9548730057788074
0.033333,368.753815,89.841591,-433.981995,0.5644141473333603,-0.4771200848282483,-0.5400784146016212,0.4026268756862118,1.7519495806165146,28.33222930282836,-15.078132683307395,0.2528943691668133,-0.8922823086425034,0.14912796687722987,-0.8922823086425034
0.066666,369.347992,90.001221,-434.657715,0.5576523123779347,-0.4708431748172786,-0.5438490236828607,0.41419662319570777,0.6626937793650449,17.490198808440788,-16.07935987270624,0.30732481499692454,-0.6885666727161164,0.2990603466359992,-0.6885666727161164
0.099999,369.883514,90.053581,-435.072601,0.5526510658150685,-0.4673432916235097,-0.5439647581826202,0.4245814280951247,0.04771334912186198,8.178926465776101,-15.2455233566978,0.33899397680885446,-0.3068075166492363,0.49170704797081816,-0.3068075166492363
0.133332,370.383911,90.059288,-435.161499,0.550410468385864,-0.4691711695912122,-0.5370427336115012,0.4341794930564476,-1.2366387756013133,0.9028810458278465,-12.76099553314599,0.31955114971210485,-0.037532931363445515,0.6548760383319203,-0.037532931363445515
0.166665,370.730804,89.940987,-435.132385,0.5474987601481779,-0.47266007624659356,-0.5297872184639542,0.4429029951479203,-3.7660131421024494,-2.818661513649189,-7.4937941935902,0.1339177079222107,0.029871788302687326,0.698642590879476,0.029871788302687326
0.199998,370.868286,89.757446,-435.012512,0.5427352933058383,-0.47950684339086264,-0.5235150424146506,0.4488246750203726,-6.745183201358835,-7.161881966639514,-0.8907720860693342,-0.13166876452880566,0.042515367182772684,0.7430811162052998,0.042515367182772684
0.233331,370.760986,89.427612,-434.721008,0.5350088972777484,-0.48863534385101004,-0.5191010118123693,0.4533598130719432,-11.177809978782864,-11.21262648326651,5.010631957111711,-0.32032077718923047,-0.12216969311685777,0.7616763185612256,-0.12216969311685777
0.266664,370.480896,88.95208,-434.3591,0.5238852219690294,-0.49654355352034224,-0.5181197195949603,0.4588471748051758,-9.423314825789797,-13.341971676821169,8.231492104306948,-0.37797159158696336,-0.1687248318196536,0.7473303953890611,-0.1687248318196536
0.299997,370.156586,88.750603,-433.906586,-0.5144159171384368,0.5055673992437649,0.5154655720514841,-0.4626803573160988,-2.6498535217624646,-15.086716683669419,9.594047435058222,-0.3632488086229144,0.04553976931286438,0.7070485764523968,0.04553976931286438
0.33333,369.789886,88.742508,-433.394501,-0.5076485113475347,0.515628667560889,0.511032347689473,-0.4639676774636349,1.015541687335747,-16.07449387028704,11.106515037701866,-0.34538998644288194,0.12789695510483493,0.6231939343524826,0.12789695510483493
0.366663,369.361389,88.814262,-432.874695,-0.5010315130251701,0.5240162098763116,0.5079431025461233,-0.4651539952729554,-1.0765604447853534,-15.991654984933657,12.546573615440948,-0.4322842240614397,-0.07730463275672803,0.5772757562615815,-0.07730463275672803
0.399996,368.882111,88.695534,-432.386993,-0.4898231709879185,0.5314068862966095,0.5089268927309109,-0.4676252775622191,-5.530683466463201,-16.241452651667363,12.764410241729275,-0.6831883141622818,-0.33958561812527904,0.6647377298559274,-0.33958561812527904
0.433329,368.408112,88.486198,-431.866699,-0.4727560660091667,0.5410957150166927,0.5123065065731174,-0.47038194328115834,-6.285565609227596,-18.259729078619117,12.030663715910421,-0.8840833673201038,-0.3912692254509683,0.636427051735227,-0.3912692254509683
0.466662,367.938202,88.334824,-431.255798,-0.4572322972289901,0.5500855747879286,0.5174891475538738,-0.4696269465702532,-6.80179656609508,-25.113913939590653,10.78097424548017,-0.569850447874383,-0.1788436214888128,0.6416646212477024,-0.1788436214888128
0.499995,367.451904,88.123001,-430.292206,-0.4492192661748194,0.5580974366510134,0.5122328174089215,-0.47365266057549305,-6.956512595639367,-30.884692326098182,11.20447948520604,0.13913344433358643,0.13541351856036812,0.9576885411876448,0.13541351856036812
0.533328,366.8862,88.031898,-429.302887,-0.44694811180672533,0.5664106757003222,0.4953764938699101,-0.4837545463623701,-6.956270356885773,-28.076867191351432,12.865472029040916,0.6833323699980707,0.029092980358267934,0.9700484648296949,0.029092980358267934
0.5666610000000001,366.34201,87.890701,-428.512207,-0.44697317201097697,0.564421154621672,0.4824835720338059,-0.4988520285971416,-8.863790894037052,-21.17263375520282,14.771469311119676,0.5061904944625637,-0.14196403189242943,0.6807271373571979,-0.14196403189242943
0.599994,365.745911,87.659714,-427.934509,-0.4429359943799535,0.5675407553402075,0.47634059679235485,-0.5047819645728359,-11.120664369738298,-17.057286407806075,15.751139181800625,-0.028591564904415796,-0.014696180244467005,0.558571398528965,-0.014696180244467005
0.633327,365.163788,87.356209,-427.384613,-0.43680234431051934,0.5734669861222232,0.47261666761237336,-0.506924859646579,-12.464754764266658,-14.49787233824453,15.188189353006312,-0.14070926586015547,-0.01925440490752797,0.5261118289348536,-0.01925440490752797
0.66666,364.610596,87.029297,-426.952911,-0.43105640522010824,0.577556364123458,0.46894525478806526,-0.5105970718589816,-12.871142877197027,-11.175811858856694,14.407619710394725,-0.025617461064313517,-0.0644099478713832,0.5456930950238273,-0.0644099478713832
0.6999930000000001,364.100098,86.672462,-426.600403,-0.4260111760242336,0.5812635782114809,0.4634686500066901,-0.5156005634289117,-13.20596967400205,-8.255038013287647,12.904190655724717,-0.02165025454969989,-0.09250072614274073,0.6121239655137567,-0.09250072614274073
0.733326,363.666412,86.297241,-426.327911,-0.41868190642721215,0.5857223571012978,0.4587645316817972,-0.5207397489081818,-13.161479311262113,-5.927587537664398,11.461288206187627,-0.016760849507680607,-0.12084085331875152,0.6453004424335188,-0.12084085331875152
0.766659,363.268188,85.918289,-426.10141,-0.4126357980622416,0.5892684215921424,0.4528480130159023,-0.5267096947839401,-13.218326159038481,-4.3863985395584075,11.109307918938018,0.09523368457788656,-0.10986567941466688,0.6673241862928764,-0.10986567941466688
0.799992,362.870087,85.523666,-425.906006,-0.4071738915574779,0.5925503146760241,0.44549152776186285,-0.5335080555190198,-13.906181426513283,-3.0574937782483462,11.583241717510317,0.14009605758009366,-0.09203109167866647,0.7366650230245788,-0.09203109167866647
0.8333250000000001,362.449402,85.08696,-425.73291,-0.4009287405362647,0.5966585162239258,0.43704777452508836,-0.5405959700294992,-15.39489791672225,-1.639811386620845,12.136448269893986,0.10961434231020552,-0.01939108204385058,0.8460430758681083,-0.01939108204385058
0.866658,362.020599,84.580704,-425.575714,-0.39381557026428227,0.6030446295574912,0.42693774057463707,-0.5467820745528428,-16.816841253555726,-0.2937774315804136,12.254981464680457,0.08274795806727978,0.06545914809514217,0.9344123043225293,0.06545914809514217
0.899991,361.592194,84.039833,-425.427185,-0.38648818970408,0.6100540145856894,0.41589229962206015,-0.5527156354059664,-17.828853599068996,0.9107234408694849,11.981838890872412,0.07237723096096693,0.07397518373224235,0.9530275338264755,0.07397518373224235
0.933324,361.178802,83.457642,-425.284912,-0.3787570480142775,0.616689128041551,0.40527439178184055,-0.5585609056322514,-18.92485624905242,1.2934494404767234,12.092378754369157,0.00830419737384605,0.06899950485346888,0.9728855595766276,0.06899950485346888
0.9666570000000001,360.735992,82.853821,-425.096497,-0.36947257298074027,0.6243669572717765,0.39486286390176323,-0.5636836339592207,-19.663452736955524,-0.07964896967905322,11.956207517617914,-0.0659461936887622,0.07757950456896673,0.9818843425899688,0.07757950456896673
0.99999,360.315704,82.28038,-424.812805,-0.3599609250842062,0.6318873593017051,0.38512745898174705,-0.5681754464120243,-20.422174611161843,-1.3327035893152832,9.990707422578286,-0.04050318079909452,0.03856991839928423,0.9729054273317664,0.03856991839928423
1.033323,359.98761,81.685249,-424.480499,-0.3506885658051367,0.6380706448687273,0.37467495169067805,-0.574022702117199,-19.419897847776596,-0.4211502092536241,7.449427234184478,0.04739423241663967,-0.03202960173531366,0.8875015504903955,-0.03202960173531366
1.066656,359.741302,81.162048,-424.227203,-0.34360387423170663,0.6418326957410083,0.36573642675762874,-0.5798482857035566,-15.5905558512179,1.3182165725225357,6.227511582264974,0.0659031436201793,-0.09265566449989353,0.6804562393104654,-0.09265566449989353
1.099989,359.518097,80.746536,-424.082092,-0.3378317817551495,0.6438473447794647,0.3599203103522066,-0.5846260805442617,-11.712865492905781,2.2604536532151633,5.268846674583408,0.053160261720556046,-0.13148207714608776,0.47770580795187656,-0.13148207714608776
1.1333220000000002,359.356995,80.419434,-423.989197,-0.3338659403150483,0.6444175835878618,0.35593718306505645,-0.5887004616713344,-8.279855515987023,2.538001625364543,3.755579278879248,0.0821140863270237,-0.14297007592995484,0.3393003079874917,-0.14297007592995484
1.166655,359.250214,80.190536,-423.959198,-0.3312440136788443,0.6441589082909192,0.35261473525055087,-0.5924521522921197,-4.788773788518345,2.6719376996911635,2.495625801188898,0.1361673752444857,-0.13722988290828236,0.20500436036292122,-0.13722988290828236
1.199988,359.186401,80.055847,-423.983612,-0.33113079875010265,0.642618536037118,0.3503642310365926,-0.5955155051472357,-2.1606438895325133,2.2048598751706816,1.7086546399549887,0.16553677700895236,-0.10487571886869208,0.08707550105750705,-0.10487571886869208
1.2333210000000001,359.138306,79.991142,-424.014404,-0.3318377745954413,0.6412691994196245,0.34862242220217204,-0.5975951070458573,-0.4093615047603391,1.0944184426514751,1.1095828287565588,0.104773480434184,-0.04965577254655533,0.013552256523346053,-0.04965577254655533
1.266654,359.115112,79.994324,-424.035309,-0.3325248261315477,0.640630763542652,0.3485382597523864,-0.5979469427112414,0.8922117702925193,-0.08590816213563796,0.1489125304068856,0.05024412164704928,-0.03377218907986727,-0.07294513175534165,-0.03377218907986727
1.299987,359.130615,80.044518,-424.041992,-0.3339715308673588,0.6391903555092213,0.349552267986551,-0.5980902255843735,1.6992092629159363,-1.1170120802428514,-0.9404123879081432,0.1022423718941253,-0.05549298690406257,-0.15899979915914744,-0.05549298690406257
1.33332,359.178711,80.129303,-424.028687,-0.3372241994038665,0.6365293283136085,0.35050300194861955,-0.5985464887191749,2.1452497863028714,-1.4515365974770744,-1.5790234548490878,0.16709480074836677,-0.0562123628906524,-0.2217175547797514,-0.0562123628906524
1.3666530000000001,359.237,80.216026,-424.029114,-0.3412823904157539,0.6335978412980814,0.3515533344967462,-0.5987406437671817,2.1219319572587385,-1.0432094734841757,-1.926882534488333,0.16769153559735173,-0.058620179655523366,-0.24169596676892016,-0.058620179655523366
1.3999860000000002,359.309509,80.284813,-424.036285,-0.34490294716368275,0.6306202157876061,0.35292804486409435,-0.5990007476007077,1.8625474845794965,-0.5914726444904288,-2.5831173849729874,0.1418930311519126,-0.08534755700181546,-0.23533177159396265,-0.08534755700181546
1.433319,359.411896,80.340729,-424.051208,-0.34796000768677193,0.6274945077564337,0.35464849431690454,-0.5994988917962111,1.6115639714951207,-0.27035247121228695,-3.3614659011928936,0.11386970120408287,-0.10466980614382393,-0.22898659840266533,-0.10466980614382393
1.466652,359.536102,80.38401,-424.066315,-0.35062352838776273,0.6245015793933177,0.3566564983547063,-0.5998808722217495,1.2079221605023531,-0.05657183681255157,-3.8457891412169287,0.08298360046735748,-0.10925068596203782,-0.20454051650329988,-0.10925068596203782
1.4999850000000001,359.670105,80.40979,-424.079315,-0.3524796727627071,0.6219104223410938,0.35852495699791453,-0.6003710203551309,0.5771473199533682,0.2236215810266239,-3.8014397635906527,0.049919690369479276,-0.10575791287060038,-0.15258694964588307,-0.10575791287060038
1.533318,359.790588,80.408073,-424.090515,-0.35344923882109625,0.6199771510041862,0.360064391687732,-0.6008790241371917,-0.03276758455212239,0.3506912798796097,-3.594352609113853,0.02805276208492887,-0.09001536084715941,-0.10151580178702102,-0.09001536084715941
1.566651,359.910095,80.395081,-424.091888,-0.3540129436163529,0.6185597201032778,0.36112214686616695,-0.6013730152414641,-0.47100182317793354,0.2358073848775677,-3.7419741806525972,0.026139194809006915,-0.06710229820347383,-0.06593418921656323,-0.06710229820347383
1.599984,360.039795,80.372093,-424.082397,-0.3545024802444867,0.6175305119729906,0.36169204507321046,-0.6017997364685715,-0.8798175884601239,0.1852904614289856,-3.8903061995709995,0.02841086598910416,-0.045188234000742844,-0.04092836392135308,-0.045188234000742844
1.6333170000000001,360.168793,80.337189,-424.06781,-0.3548741431241022,0.6168243924640967,0.36192885618870924,-0.602162365530398,-1.0949834986605822,0.10910874798191073,-3.7886240545420025,0.03407651080029543,-0.025109126806921317,-0.007549764032044511,-0.025109126806921317
1.6666500000000002,360.291504,80.304283,-424.047485,-0.3550517774690871,0.6165324321521055,0.36146035700489804,-0.6026378728013556,-1.16486317528432,-0.037730667065747014,-3.576867225637927,0.03743801558645754,-0.0038837651485851346,0.027982004252386165,-0.0038837651485851346
1.699983,360.406189,80.270058,-424.022705,-0.3550345923995784,0.6166403626069056,0.3606476742310169,-0.6030243415281406,-1.284891256334939,-0.09739063646662671,-3.3876958032201427,0.024958682927059737,0.004550006040367406,0.045829018082388116,0.004550006040367406
1.733316,360.516113,80.232018,-423.995392,-0.3546983056946909,0.6168794676535562,0.35996284389697353,-0.603386762647627,-1.395800372226974,-0.10317775958251496,-3.195589749669198,0.008986550783744636,0.001675483375322714,0.054501632891693186,0.001675483375322714
1.7666490000000001,360.617889,80.191582,-423.966888,-0.35414327403455964,0.6172216998107017,0.35932640100813873,-0.6037420411710692,-1.4754705856447,-0.058152878856682855,-2.940477031460906,-0.0039048632889018,0.0027845118836191196,0.06201629163290176,0.0027845118836191196
1.799982,360.710785,80.147583,-423.939789,-0.3534032222634208,0.6177243121086983,0.35873259487396997,-0.6040147035450832,-1.476522908716913,-0.045294676511005716,-2.602253325090828,-0.01684807827644228,0.008146476080312841,0.06847235650455481,0.008146476080312841
1.833315,360.790009,80.106857,-423.912201,-0.3525151116785944,0.6184028386286142,0.358159693850343,-0.6041793267857885,-1.3267118122765698,-0.09103942606644244,-2.147046242132359,-0.026603010144165523,0.02032439242637161,0.06756162381703958,0.02032439242637161
1.866648,360.8526,80.073273,-423.887695,-0.3517368600312302,0.6192528068226489,0.3576368723768794,-0.6040720238962612,-1.0538499091001419,-0.14508104391715504,-1.6666234648781415,-0.03229400369049,0.0384365911103485,0.05554931433704724,0.0384365911103485
1.8999810000000001,360.899902,80.050293,-423.866394,-0.3511882097899699,0.6202176258473465,0.35721268368199377,-0.603652247995073,-0.7757306089771934,-0.27740824737682884,-1.2856743275164717,-0.04643671171687707,0.04825983426261217,0.04884500215888184,0.04825983426261217
1.9333140000000002,360.937103,80.03727,-423.843811,-0.3503685059515212,0.6213488355097625,0.3569963768044205,-0.6030929626487754,-0.5388629554211364,-0.5171460953595071,-0.9971899546337987,-0.06797021765608727,0.04647956643940973,0.060002873874424115,0.04647956643940973
1.966647,360.964996,80.036079,-423.816803,-0.34912709599726477,0.6226594426569408,0.35679328706536595,-0.602581147743402,-0.22667169068774412,-0.7731543657124296,-0.8267951743924253,-0.07876233900295224,0.04011860125237305,0.07183873381518492,0.04011860125237305
1.99998,360.990692,80.049789,-423.790009,-0.34776795899431884,0.6239255902226869,0.35662046846277273,-0.6021595685826058,0.1495550804329815,-1.022925021816088,-0.8344361786583507,-0.07904204704133061,0.0378325859605289,0.07911487099350935,0.0378325859605289
2.033313,361.019012,80.078796,-423.761108,-0.3463449063261385,0.6252753935823143,0.3562957854058927,-0.6017717186312584,0.40425456774339985,-1.0939784204757133,-0.8274391785707323,-0.0714788331214807,0.043223554439364424,0.08566968977184938,0.043223554439364424
2.066646,361.044312,80.109711,-423.7388,-0.3450731198341002,0.626635323258599,0.3557697345582553,-0.6013988772727304,0.4740070308093697,-1.0224402833509503,-0.6718289182491688,-0.0638704464246808,0.047526861527143006,0.08673117138764287,0.047526861527143006
2.0999790000000003,361.062408,80.140472,-423.716797,-0.3438357811518889,0.6279913481337015,0.3552178935030348,-0.6010191930414145,0.2156065203092059,-0.9782878449333123,-0.5911662745901669,-0.062453542114887156,0.044289787121558524,0.08430521376432203,0.044289787121558524
2.133312,361.081909,80.155212,-423.688507,-0.3426013246641938,0.6292367442587864,0.3547486340674424,-0.6006986421161832,-0.49690877015701734,-0.8203438488226447,-0.7969834270129822,-0.06365360767226769,0.03453174406143086,0.08126074962071521,0.03453174406143086
2.166645,361.112701,80.13987,-423.650604,-0.3412819638101058,0.6303706545712551,0.3543937286459034,-0.6004702691472567,-1.5074048764731067,-0.41337140097664693,-1.0945534222472175,-0.0752217810495804,0.016932518759722508,0.08142362930984164,0.016932518759722508
2.199978,361.151001,80.083,-423.609802,-0.33959092560372695,0.6313930087401314,0.35435059953204207,-0.6003803164436446,-2.5869656912027468,0.18613426414853484,-1.2845847507443666,-0.08392272247904092,0.0010144369485063087,0.06874432142553143,0.0010144369485063087
2.233311,361.193909,79.985657,-423.56781,-0.3381521468244565,0.6321532747843994,0.3546151471235225,-0.6002361703595788,-3.4022073661961567,0.7762999912738673,-1.400590852966043,-0.06825838693759902,0.008714522118843101,0.03678467759603574,0.008714522118843101
2.2666440000000003,361.240112,79.862167,-423.531494,-0.33751993908887234,0.6327721007836369,0.3548432579107322,-0.5998049862268604,-3.6359734290092245,1.3330507826634141,-1.4420641096422877,-0.04072893482486522,0.024915122537736943,0.017230139070457767,0.024915122537736943
2.299977,361.286896,79.732277,-423.512604,-0.33724337757206374,0.6333135897669474,0.35478581158891537,-0.5994229134721857,-3.348937152626135,1.583468476653803,-1.4774978663561686,-0.023220443956848635,0.025389520971096802,0.014227557690368708,0.025389520971096802
2.33331,361.336609,79.616417,-423.500092,-0.33704577543790437,0.6337087609777144,0.3547215001394062,-0.5991544115321202,-2.7816022848921893,1.3239223052274813,-1.4649506206272098,-0.024194990314017017,0.021170373329015304,0.009554855086086498,0.021170373329015304
2.3666430000000003,361.382812,79.527809,-423.485992,-0.3367917706851079,0.6341211642968291,0.3548293314568164,-0.5987969586826006,-2.013585736284622,0.8534521552978989,-1.1314010841635036,-0.04607646548141089,0.03180708792978823,-0.009649084792024601,0.03180708792978823
2.399976,361.4104,79.472038,-423.474487,-0.3366404041488313,0.6347463156573482,0.35548780088626436,-0.5978283837983785,-1.2376274474470077,0.577907091874776,-0.4792787478393402,-0.06848639801228022,0.06755173888103974,-0.05737900189726739,0.06755173888103974
2.433309,361.41391,79.437233,-423.474091,-0.3372858772387233,0.6355545178015704,0.3566493317629692,-0.5959110219406465,-1.0169567045655006,0.7432012605184997,-0.05789845956153235,-0.06738139809966279,0.10149013006282051,-0.0923178097284657,0.10149013006282051
2.4666420000000002,361.414398,79.388367,-423.481506,-0.33825307427243445,0.6364220475777371,0.3576407931735125,-0.5938391180786496,-1.241183345924299,1.0491294467539256,0.050065400425440984,-0.05129039156429439,0.10422148971225856,-0.1016657364712276,0.10422148971225856
2.499975,361.411102,79.330299,-423.491608,-0.3394527751443845,0.636984030221696,0.3586463275765466,-0.5919425397833458,-1.274642386183767,1.182592249748808,0.024938075131686076,-0.039315949601605726,0.07202308165367827,-0.12261951676606182,0.07202308165367827
2.533308,361.413513,79.275017,-423.505798,-0.3406987663702565,0.6368221657397439,0.3602051563279268,-0.5904524749470538,-1.2172493172864447,1.2134285853269817,-0.23835361937944866,-0.03619213706896635,0.0217557306055044,-0.13872067812118952,0.0217557306055044
2.566641,361.428009,79.219162,-423.51889,-0.34167604398645407,0.6361577947228999,0.36205630269922723,-0.589470927913183,-1.0960565279146393,0.9954246174697392,-0.38457010960525734,-0.028416016803817206,-0.007798045438674465,-0.13972845507273807,-0.007798045438674465
2.599974,361.439789,79.178253,-423.524414,-0.3427476266738394,0.6353063385364229,0.363815291799859,-0.588683577210608,-0.8883335161417599,0.46612759817229277,-0.31213008444742996,-0.017914572840190938,-0.014649888450496824,-0.13024859568628144,-0.014649888450496824
2.6333070000000003,361.44809,79.152191,-423.514709,-0.34367506538333614,0.6344959093866411,0.36533368741843464,-0.5880762597169084,-0.6939632884488683,-0.13899370676944145,-0.14264208936185296,-0.017086324973025337,-0.009765773097314061,-0.10385664587282092,-0.009765773097314061
2.66664,361.446808,79.142647,-423.492798,-0.3443035071050062,0.6340465422654931,0.36645899138755855,-0.5874928806952289,-0.4518310146987673,-0.6554142899167622,0.15068866948789122,-0.0217477158563084,0.0012273120554785848,-0.07138651963924014,0.0012273120554785848
2.699973,361.434204,79.147667,-423.462708,-0.3446285817288567,0.6338979056017884,0.367254429027306,-0.5869657317842759,-0.3123361679300458,-0.9920160959669142,0.41248316427819876,-0.02527219778040787,0.007825817971138127,-0.04139680600034653,0.007825817971138127
2.7333060000000002,361.41449,79.157272,-423.427185,-0.3446753620913769,0.6339833997041292,0.36773836690437584,-0.5865427837534745,-0.2980701635754309,-1.23987364572988,0.6055847358710746,-0.02622414209068431,0.014764164249580804,-0.01571720288519066,0.014764164249580804
2.766639,361.388,79.171257,-423.384186,-0.3445626866363737,0.6342952343407188,0.3679296843149991,-0.5861517363878075,-0.32322494892064885,-1.4750814544372863,0.7734788893004069,-0.024311760370056845,0.020131505592713428,-0.006557283931928459,0.020131505592713428
2.7999720000000003,361.355988,79.187172,-423.335114,-0.3445363567130171,0.6345755466259909,0.368120801844215,-0.5857436724172252,-0.4721259354851575,-1.519971977953301,0.9282199770208673,-0.02880671522320482,0.026102362594980652,-0.010569859603578364,0.026102362594980652
2.833305,361.318512,79.194031,-423.285492,-0.3444799564407574,0.6350058834108794,0.3684158605677163,-0.5851246374288913,-0.6897538943209125,-1.3557804185997675,0.9978837981782804,-0.035112391882178975,0.03513183334865488,-0.018172008410241483,0.03513183334865488
2.866638,361.281799,79.19194,-423.239288,-0.34457895906128766,0.6354406932477981,0.36878682161762627,-0.5843601171693414,-0.7965149133395416,-1.0627705954215647,0.9049184782190954,-0.02803007942927918,0.0361364802762152,-0.03538929400180848,0.0361364802762152
2.8999710000000003,361.251312,79.18293,-423.202789,-0.3450197730213819,0.6355966446812439,0.3692963485576169,-0.5836081463072887,-0.7188305441838836,-0.7769816221485262,0.685435428520861,-0.010306433979977034,0.021757943646970708,-0.05439026732887667,0.021757943646970708
2.933304,361.230591,79.175827,-423.174591,-0.3456865064458288,0.6353129436086079,0.369889410898857,-0.5831467453819323,-0.5527419557404443,-0.581109621996046,0.5044490229841647,0.0047399009821789346,0.005226226260016604,-0.06563038450570804,0.005226226260016604
2.966637,361.213501,79.169899,-423.1539,-0.3464602640257256,0.6348343372247442,0.37053378991165414,-0.582799588422427,-0.3794512318875807,-0.3677824642792064,0.37444062243620513,0.008047736965270651,-0.007716457124781095,-0.07118373005363475,-0.007716457124781095
2.9999700000000002,361.202911,79.16581,-423.143005,-0.34714431173088794,0.6341908483090897,0.3713284634853101,-0.5825873041523685,-0.22160841684615157,0.039478656951229256,0.20930314851232926,0.006980743559514294,-0.016376680712229228,-0.07178585471701139,-0.016376680712229228
3.033303,361.199097,79.1558,-423.150208,-0.3477991811667608,0.6335470315087168,0.3721052585201389,-0.5824015496441303,-0.15633911520127655,0.4939821342648157,0.22610285012155273,0.005198510116049675,-0.012188309962900299,-0.05476638383550989,-0.012188309962900299
3.066636,361.189606,79.140938,-423.167999,-0.34816628922156784,0.6332150092059712,0.37252559688987785,-0.5822745630952858,-0.16635686569395475,0.8268256418971619,0.3727525422076623,-0.004299660983630475,-0.007509377113073845,-0.0268233761115717,-0.007509377113073845
3.099969,361.17749,79.119789,-423.195099,-0.3481358511574583,0.6331182069382035,0.37284207957593724,-0.5821954559078221,-0.24327460658958033,1.4209245492631166,0.4246841785714047,-0.022349616210025028,-0.015917650265836712,-0.019455629833967085,-0.015917650265836712
3.133302,361.166992,79.081467,-423.245392,-0.34787427960551137,0.6329235069799043,0.37355452780704373,-0.582106806914386,0.0005232777652822707,2.3446049718507247,0.1458670702977371,-0.02764284561214363,-0.05598159718805265,-0.030903986496371022,-0.05598159718805265
3.1666350000000003,361.178406,79.045021,-423.332703,-0.34745488194206076,0.6319670567017066,0.3746791937021447,-0.5826733613827918,0.7500695782213005,2.841977405672445,-0.1744307436536239,-0.017528269123846314,-0.08460695200056298,-0.03247119534004263,-0.08460695200056298
3.199968,361.193604,79.034843,-423.434204,-0.34707913445467964,0.6310779039011494,0.37555898591363923,-0.5832942668443101,1.849737783044728,2.530968009101172,0.17561783781802356,-0.01762387893833808,-0.06562513315240853,0.0009408775661798397,-0.06562513315240853
3.233301,361.183014,79.072922,-423.5401,-0.346244506419977,0.630907105825003,0.3757614829309418,-0.5838443915454224,2.906083703321483,1.8596748647913162,0.727051297428447,-0.01815345878873706,-0.03403960998860477,0.06875693814768648,-0.03403960998860477
3.2666340000000003,361.160889,79.145699,-423.638885,-0.3449325099576007,0.6314854262563784,0.3748587405726166,-0.584575610692459,3.59327210165318,0.9536001185628247,0.6180022669650496,-7.946504719685615e-05,-0.02254982279118221,0.15631188353710368,-0.02254982279118221
3.299967,361.154907,79.252251,-423.713806,-0.34291378003932776,0.6324190991406127,0.3727304685971049,-0.5861128050816653,3.800415297370345,0.06505224746254479,0.24664578561230815,0.010662392326785453,-0.03167215354168156,0.21434143491634594,-0.03167215354168156
3.3333000000000004,361.153687,79.364822,-423.766998,-0.3405757834423829,0.6334069952314131,0.3704935820055312,-0.5878249908069837,3.552350775988983,0.08949988995559677,0.37573481048616375,-0.009920407585568697,-0.04676014398439019,0.20584985886079718,-0.04676014398439019
3.366633,361.138489,79.455177,-423.837494,-0.33809404804327275,0.6341587895038026,0.3691101675263686,-0.5893154745986576,3.003091345571659,1.0960862456038132,0.40855771346285363,-0.03849089717326612,-0.08221070690429269,0.13362531216797396,-0.08221070690429269
3.399966,361.138214,79.501701,-423.931885,-0.3361266606390175,0.6338715724201774,0.36935250874621833,-0.5905966660658601,2.47260049314135,2.343335384041316,0.11576746099660815,-0.05463139591138785,-0.10915780763303896,0.024476272818975936,-0.10915780763303896
3.4332990000000003,361.14679,79.519432,-424.055298,-0.33511415622730406,0.6329236161964114,0.37089169875996875,-0.5912237699449037,2.758987705799159,3.4147675819459598,0.2322062215267659,-0.06853774461961273,-0.08860270556790216,-0.09851192246780735,-0.08860270556790216
3.466632,361.144196,79.546829,-424.221405,-0.3355257361140998,0.6316713063191757,0.3737701653522313,-0.5905164728190766,4.1845099961289165,4.078260817172567,0.538810658430416,-0.08739603959793787,-0.07672411151314026,-0.24489001507427688,-0.07672411151314026
3.499965,361.138092,79.626373,-424.431488,-0.3371345015868788,0.6293324289055021,0.3786219469066717,-0.5890046206001014,6.483642144661666,3.9557963345565224,0.6235249248327728,-0.08475588739051237,-0.07915417352468146,-0.38161175260032537,-0.07915417352468146
3.5332980000000003,361.132111,79.795418,-424.664307,-0.3402372404173909,0.6262464724151984,0.38432463020261526,-0.5868121970786749,9.476747301916472,3.1431891695748204,0.5243341943094658,-0.04744190686002591,-0.04670958760939846,-0.4980680059562888,-0.04670958760939846
3.566631,361.130493,80.082764,-424.917206,-0.34528291339839745,0.6225669502502631,0.3904707809199698,-0.5837145461772821,12.643248749160781,2.1790265153780917,0.035703487444461945,-0.022450717187626923,-0.024966150169420484,-0.6443679855829719,-0.024966150169420484
3.599964,361.15329,80.478577,-425.178497,-0.3519727478146165,0.6176129051652822,0.39840818318648996,-0.5796036609090465,15.181349401608255,1.6864816943296237,-0.4587528327547188,-0.005038130320664268,-0.015062211942863037,-0.7552479153310605,-0.015062211942863037
3.633297,361.181213,80.945717,-425.456299,-0.3595667493040623,0.6122996140763698,0.4062888018367398,-0.5750915969642617,17.014310109100663,1.7365900299313175,-0.43151094663035283,0.032077762090125236,0.015497736430677811,-0.8029228914631159,0.015497736430677811
3.66663,361.201202,81.465187,-425.748688,-0.36822438352611947,0.6066450073542782,0.41398989006455406,-0.5700921060261013,18.15340216599494,2.480674568742563,-0.5994970707640863,0.07342971125818097,0.029944175102546808,-0.8449367266531321,0.029944175102546808
3.6999630000000003,361.243408,81.998863,-426.073212,-0.3775171146403239,0.6003025590992058,0.4216073578170626,-0.5651237930994452,18.819817711341603,4.26172099942468,-1.969599979709094,0.056772584362451126,0.013464817327822162,-0.8965732234399005,0.013464817327822162
3.733296,361.361908,82.536537,-426.454712,-0.38643200790679066,0.5935753645833541,0.4306840896144145,-0.5593297817726743,19.66774966723972,6.058576887686199,-2.0377996644602545,0.0462503770488519,0.03754377611987428,-0.9470522081297681,0.03754377611987428
3.766629,361.4151,83.105743,-426.877014,-0.3966234605779947,0.5868054832182943,0.4389944308883972,-0.5528408858189239,20.661137469960295,7.87269717930834,-0.5249638016330391,0.06756885446827315,0.10568562934310502,-1.0144631287364958,0.10568562934310502
3.7999620000000003,361.441589,83.693497,-427.365204,-0.4079814245123425,0.5797678296446752,0.4478704255700701,-0.5448233684981464,21.377664940454114,10.888871525934476,0.023130257921373243,0.04701429830619171,0.15199964716346348,-1.1118560592476512,0.15199964716346348
3.833295,361.475189,84.286362,-427.954315,-0.4199797614596236,0.5723115040384383,0.45754628742319536,-0.5354698284449172,21.85472567464523,14.91776913452275,0.1966205820170226,0.031640029025695696,0.19237279516016112,-1.1843172189860633,0.19237279516016112
3.8666280000000004,361.513489,84.884438,-428.664612,-0.4326476441065975,0.564685684642179,0.46719530705777,-0.5250472727977934,21.771285190864656,19.705488998191843,0.13949167004855667,0.05875524819660735,0.23003603157869887,-1.2074746072237275,0.23003603157869887
3.8999610000000002,361.579803,85.463158,-429.515289,-0.44579850379220753,0.5566868898857606,0.47592689253072684,-0.5146425882221507,20.87569932810154,25.573551624016794,-1.0194763052615805,0.11319495729845268,0.25077992468825516,-1.2379019709938897,0.25077992468825516
3.933294,361.72641,86.005119,-430.547913,-0.45994864499562566,0.5476544142979461,0.48448396295485385,-0.5037828660308145,19.094098362781526,31.26989597408472,-2.1867705369539414,0.14015100341434594,0.2873616025995811,-1.2227014769138316,0.2873616025995811
3.9666270000000003,361.894592,86.502296,-431.708099,-0.4735410018870335,0.5396347866614812,0.49150071227288317,-0.49293028552919177,16.375296212259677,36.0205299227149,-3.105072256913383,0.181230644533048,0.31258943541493284,-1.1145563721638037,0.31258943541493284
3.99996,362.119385,86.924179,-432.997803,-0.4866569462864812,0.5316888878361424,0.49663594650459947,-0.4835542160111557,13.111596380219696,40.133407322994685,-4.952006771440178,0.25726359331281684,0.29554697124163787,-0.9839328043631357,0.29554697124163787
4.0332930000000005,362.411804,87.274643,-434.385315,-0.49886859569819775,0.5239568700333708,0.5000152726641394,-0.47600845546434145,10.334313683907183,43.33456717800208,-7.097961232491232,0.2836378300334022,0.27508735739194734,-0.8378806780353857,0.27508735739194734
4.066626,362.765411,87.583809,-435.859985,-0.5095077423004224,0.5173922476745847,0.5022132090610886,-0.46956257860558975,8.378849630907652,46.3272556658416,-9.434380251968772,0.2716741650399695,0.24474005636491997,-0.7062946089297552,0.24474005636491997
4.099959,363.196991,87.870232,-437.430786,0.5187184535253664,-0.511363783730382,-0.5038003477927774,0.4643527282412326,7.079627251237826,48.899384692848784,-11.717939450396734,0.2769835394483703,0.20237327147616382,-0.589582083248886,0.20237327147616382
4.133292,363.6828,88.154633,-439.068207,0.5267634524298317,-0.5058452375568528,-0.5044867228365219,0.4605800769756784,6.371438283411708,50.54072491500631,-13.676556193775808,0.26799319389667503,0.15547467444670002,-0.4811653888856773,0.15547467444670002
4.166625,364.219513,88.446487,-440.745392,0.5332479770587835,-0.5009630624394978,-0.5050781892339792,0.4577975838665813,5.801247738103891,50.972912496147195,-15.92985211523472,0.2414634725330014,0.07774702781085116,-0.39428030033957634,0.07774702781085116
4.1999580000000005,364.829803,88.731056,-442.411407,0.5381272867286906,-0.4961076880501224,-0.5060099903773254,0.4563442502912899,5.013780112282453,49.917604547464535,-18.73972929446504,0.23988347931780796,-0.03889207375501743,-0.3348532412774579,-0.03889207375501743
4.233291,365.525787,88.992058,-444.02301,0.5416531420734959,-0.4904214546837586,-0.5076649512808136,0.45648107048247305,3.687846722626121,47.52693839341451,-21.793633554578733,0.2961078907888717,-0.18361484727792332,-0.2949001795548008,-0.18361484727792332
4.266624,366.306885,89.200439,-445.543213,0.5443408802922998,-0.48297118819115453,-0.5096338710871742,0.4590263117300902,2.0712782188166248,43.15501824617711,-24.9402518973469,0.40654293392065416,-0.30275257050623916,-0.23872098707513661,-0.30275257050623916
4.299957,367.172211,89.355133,-446.889709,0.5466987809879119,-0.4743497911932381,-0.5107727723341987,0.4639222925267761,0.19587294182224468,37.72664013786282,-26.706879483904345,0.4961187560085107,-0.34806783116371215,-0.202947275652276,-0.34806783116371215
4.33329,368.028412,89.434387,-448.088287,0.5493928068068227,-0.4650888664379434,-0.511509319672918,0.46927402019730274,-1.5044246967139707,32.87947369473178,-27.0552031409926,0.5315266057157348,-0.33292164310630024,-0.18718278440193434,-0.33292164310630024
4.366623000000001,368.882294,89.478127,-449.154297,0.552192094342802,-0.45621859888834715,-0.5114586197623232,0.47471945530437515,-1.842509475606771,28.697982114703308,-25.235537869559177,0.5701360427122147,-0.22960800544346088,-0.17169033049266705,-0.22960800544346088
4.399956,369.593994,89.536453,-450.099304,0.5568655760027618,-0.4480351786832654,-0.5093251702235022,0.47932565120403003,-0.5241272389190663,25.048840993738946,-21.29696088890013,0.5884713508512048,-0.03197225310208464,-0.14981440732533033,-0.03197225310208464
4.433289,370.167389,89.660454,-450.920898,0.5628357043791685,-0.442245000222008,-0.5048914990264839,0.4824105138421338,0.817905004188102,23.320473060983673,-17.989564696352023,0.49736276652229794,0.10975113357633437,-0.08503193019353981,0.10975113357633437
4.466622,370.638702,89.800529,-451.741608,0.5674239356801363,-0.43904771942374693,-0.5005330800349435,0.48449335710286506,1.1479945210408053,24.7802687222563,-15.285739857010004,0.34219585749691966,0.17185858151417865,-0.034985962487073155,0.17185858151417865
4.499955,370.999786,89.962227,-452.649902,0.5712825113981106,-0.43796957636959294,-0.49663250583353374,0.48494855035850154,-0.626467914710537,26.48088406727881,-11.73437056098421,0.26011059029968203,0.16376285040457939,0.04210080800266744,0.16376285040457939
4.533288000000001,371.203186,90.002342,-453.577606,0.5732533258540181,-0.4374399872908072,-0.49259686284060733,0.48721167128458365,-3.347653359408583,27.40167001499063,-8.13524008402874,0.2527781048616632,0.10954289028352421,0.16230703461296145,0.10954289028352421
4.5666210000000005,371.295197,89.990097,-454.54541,0.5741289909550268,-0.4375818865451958,-0.48806578949456275,0.49060144663215116,-5.436995041815917,29.89154913994205,-5.738108403512106,0.28242700628015693,0.07176675550457315,0.22087531853282336,0.07176675550457315
4.599954,371.295105,89.904663,-455.634491,0.5749255473731374,-0.43679993347397583,-0.4833808877276426,0.4949841921460369,-8.655453875082955,33.542522182312496,-4.27966943882689,0.33245593701667875,-0.030609506587129756,0.21671785830783077,-0.030609506587129756
4.633287,371.224091,89.698349,-456.852905,0.5748986553227755,-0.4341960884586949,-0.48001013982597523,0.5005552502366561,-11.210588915701486,36.715627472418795,-3.294770924342794,0.33637130263458975,-0.1441055435539669,0.2332683987268538,-0.1441055435539669
4.66662,371.09491,89.457108,-458.155914,0.5735939174201181,-0.43168036173497465,-0.4771521785999303,0.5069199953132094,-11.605245232675028,38.75644637351258,-2.4076380493499387,0.23602271310468403,-0.19123883945083828,0.29812775810738756,-0.19123883945083828
4.699953,370.920288,89.220787,-459.494812,0.5702179694226331,-0.43119544795200165,-0.47539052655808933,0.5127629084399771,-12.89304960774004,40.9490025437357,-1.3154163332249125,0.10313632948612592,-0.2472369186281423,0.36055954356775644,-0.2472369186281423
4.7332860000000005,370.684998,88.880966,-460.930603,0.5649911042077855,-0.43120411150602744,-0.47490226311552053,0.5189565558639002,-14.427392167919194,44.26451826797278,-0.0868437442294967,0.008378269017690905,-0.3008016778594807,0.3795174496027401,-0.3008016778594807
4.766619,370.394196,88.52697,-462.473907,0.5590118671476136,-0.4318420433912088,-0.4754556644771343,0.5243663729344692,-13.161458575609906,47.82621403276394,1.7001735553674013,-0.08666141816764014,-0.23148935156068579,0.33712574295367315,-0.23148935156068579
4.799952,370.015289,88.250313,-464.109009,0.5541906142154582,-0.43412192947851896,-0.47588456897821046,0.5272046950376709,-10.592304349125701,52.12240381823123,5.103416252454366,-0.14669334302513437,-0.02623333713414149,0.2389372480898287,-0.02623333713414149
4.833285,369.47049,88.049019,-465.880798,0.5522791188881471,-0.43788495404795713,-0.4750648923193614,0.5268376314806528,-8.572038422813028,58.08615594198575,9.958489840873794,-0.19340359820429184,0.19599806650609405,0.0896803924012046,0.19599806650609405
4.866618,368.721985,87.906548,-467.846893,0.5528911990825389,-0.4425401284917935,-0.47435925918487937,0.5229271936676384,-8.174647996006263,65.04589286185943,16.314025201980435,-0.1372867535435061,0.36733301321616124,-0.0961999482818656,0.36733301321616124
4.899951000000001,367.708099,87.764038,-470.015594,0.557731199855375,-0.44529060235645634,-0.47210056674926026,0.517468108230773,-9.401363932691492,70.87683226308093,21.654314152063044,0.08481934887479263,0.43565299643304817,-0.20133967954501747,0.43565299643304817
4.9332840000000004,366.544006,87.613739,-472.316101,0.5644757840097211,-0.44530711412964397,-0.4677832661726037,0.5140500746629943,-6.699014873003417,74.92614644107272,24.586117465975278,0.30032700215943303,0.4821746531802129,-0.17280917678549912,0.4821746531802129
4.966617,365.259186,87.728706,-474.68869,0.5726540033771879,-0.44519594883085084,-0.4604355611530805,0.5117294730483345,-0.5494721073513142,77.02134065888198,26.191755483854415,0.4545101202492496,0.4806348627707818,-0.07298078868931195,0.4806348627707818
4.99995,363.921387,88.054832,-477.042908,0.5798416589419145,-0.44370957960680735,-0.4519392386049863,0.5125001308583091,2.521570053949832,76.94654049200294,25.555255289103943,0.6510432149922238,0.40049841458569535,-0.01197481858527645,0.40049841458569535
5.033283,362.611115,88.398628,-479.355988,0.5884971369251072,-0.4392563951710932,-0.44173236135515326,0.5153614848471395,1.9019772269259283,76.8560767009442,22.73437096595464,0.8293150469252817,0.3373755231284254,-0.008834921051225401,0.3373755231284254
5.066616,361.337585,88.69928,-481.67691,0.5970931346087052,-0.433099992269389,-0.4311974547493914,0.5195892034261801,2.2534038553913343,78.69833293205977,20.869276152568077,0.9256176109382532,0.2491050161432063,-0.022747258910039807,0.2491050161432063
5.0999490000000005,359.985992,89.089546,-484.058685,0.6058239056986833,-0.4248150135603892,-0.4210656063895273,0.5246078103245307,1.3763139913024842,80.73457920723291,19.066448113875783,1.0165200385460553,0.24254321071637114,-0.15226018885475195,0.24254321071637114
5.133282,358.63559,89.360207,-486.457611,0.6175279151473395,-0.41466007329684146,-0.4106635840166979,0.5273250595124402,-1.8161219286002632,80.91794260057772,15.115670438698366,1.1361023283549114,0.25804092571119047,-0.3194939916983366,0.25804092571119047
5.166615,357.345215,89.588379,-488.84491,0.6306410503068465,-0.4015715699639095,-0.40018038638145087,0.5299884887619645,-5.64606870954528,79.57113423905449,9.14335418935378,1.2053678906343948,0.2368685065917429,-0.39139537793242696,0.2368685065917429
5.199948,356.183014,89.651573,-491.206604,0.6437335748851858,-0.38828690748379685,-0.38963024887613207,0.5320043526165286,-9.866975500588364,78.63018103979003,3.0987476639727305,1.2058476277711805,0.21844417829822754,-0.37946136634868566,0.21844417829822754
5.233281,355.066193,89.650513,-493.615204,0.6558160172144615,-0.3746467734521775,-0.3790245943067444,0.5346826195206291,-11.59658982346334,79.1461959497025,-1.7571407216708153,1.2043216642697299,0.09848470383740611,-0.3189823691315955,0.09848470383740611
5.266614000000001,353.977386,89.658058,-496.063202,0.6657108259311543,-0.3596929634933891,-0.37000382014678157,0.5390243420553399,-13.338418843065035,77.92633604591012,-6.1718896242192045,1.1345165170433817,-0.015986586353247456,-0.19087300937139962,-0.015986586353247456
5.299947,352.953888,89.574707,-498.460907,0.6726832483030537,-0.3468502201442323,-0.36130338551155267,0.5446577235808191,-15.305007019077134,74.43383474320858,-8.798216938282863,1.0157605301601647,-0.037807812165124396,-0.003300108845959132,-0.037807812165124396
5.33328,351.943115,89.435966,-500.734497,0.6770792673418887,-0.33620266789078207,-0.3524604509382256,0.5516367123055846,-15.5376910628958,71.58034011555635,-9.364351878612158,0.8794181101566924,-0.05668912329289304,0.10967661156413427,-0.05668912329289304
5.366613,350.901611,89.302933,-502.927307,0.6798816571306402,-0.327262400245841,-0.34519739610762684,0.5581209648482486,-15.803468663199798,70.68418601104813,-9.4001097781976,0.6820349427848219,-0.058583519921813904,0.1320324903643986,-0.058583519921813904
5.399946,349.808594,89.128128,-505.099915,0.6814186271775516,-0.32119011446017387,-0.33967477013879155,0.5631399607909924,-15.925253742993423,71.50892895809872,-9.021558636163213,0.5572810027108588,-0.051512863001387244,0.1555380652768042,-0.051512863001387244
5.433279000000001,348.635803,88.983292,-507.283813,0.6823458428111344,-0.3153991028405661,-0.3342419477639616,0.5685155029378547,-14.364414817969385,73.02505517074171,-8.575138728222456,0.5744302522891699,-0.06520335278994843,0.18477178198794686,-0.06520335278994843
5.4666120000000005,347.399109,88.907227,-509.469086,0.6832231081334403,-0.3089450146203627,-0.3283265489952202,0.5744221789577717,-13.36846718213161,74.49889743703397,-8.460056137513511,0.5910312647679443,-0.042898247548551705,0.21872809560843845,-0.042898247548551705
5.499945,346.087311,88.818527,-511.672089,0.6837754914898079,-0.303511975892612,-0.3216504053443874,0.5804072488084772,-14.962153937935131,77.24572396899205,-9.44938909248506,0.6605120824786017,0.08871230240306957,0.27244698287375424,0.08871230240306957
5.533278,344.697113,88.625816,-514.000183,0.685559151263135,-0.29851630010138164,-0.31075753835330494,0.5867933375982944,-18.110559032039703,81.09225233920174,-12.842402059018752,0.8050217246242136,0.25338870568439764,0.2714349549314311,0.25338870568439764
5.566611,343.262787,88.304619,-516.486084,0.6890783864415356,-0.29287412816428654,-0.2974038196101176,0.5924075374878777,-21.629898201667878,84.99382196290098,-17.409900063687125,0.863101180229805,0.3174663861322322,0.1736523772393557,0.3174663861322322
5.599944000000001,341.76181,87.854942,-519.130676,0.6937093737403671,-0.2866853471208483,-0.28473084594445813,0.5962442133041626,-17.931554321250324,85.32499813704774,-21.289066809695537,0.7956031154328916,0.03702267608633819,0.1637273092492728,0.03702267608633819
5.6332770000000005,340.380096,87.746742,-521.699402,0.6937974005377212,-0.2767751900216304,-0.27917929280146114,0.6034066486760542,-12.971229110095575,87.53671758942076,-25.35376130994137,0.715933044185931,-0.23952732925042983,0.13328858042766684,-0.23952732925042983
5.66661,338.896606,87.609673,-524.552002,0.6954147506458199,-0.26655576197406505,-0.274645161055131,0.6082075187398118,-10.252684880972609,91.51215290838655,-28.47560939383471,0.6894469471023656,-0.3706314627534699,-0.025189846271930605,-0.3706314627534699
5.699943,337.378601,87.719177,-527.380981,0.6970224677343035,-0.25304277437183265,-0.27400993158603293,0.6124112925183572,-5.91723376746251,92.50452243680192,-27.556743528573165,0.6527971900196115,-0.3445072872035867,-0.0670176997616376,-0.3445072872035867
5.733276,335.718689,87.938103,-530.151489,0.6991721327516546,-0.24375553860499816,-0.2699006266925149,0.6155446514217127,2.0120594272613666,89.32720237413483,-26.802704290556623,0.7182774700034275,-0.09937142613918523,0.14894122942615629,-0.09937142613918523
5.766609,334.259888,88.571663,-532.693298,0.6988744638409969,-0.23559261570558004,-0.2603653561473852,0.6231215648123622,13.015120549605427,82.67966808129566,-27.9477362633034,0.9545548188823738,-0.00528053481326729,0.3065737821589124,-0.00528053481326729
5.799942000000001,332.895508,89.410988,-535.097778,0.7002057416888037,-0.2240541102713622,-0.24777238087607933,0.6309679248991502,17.989311030190702,78.97225303710938,-30.867802003888443,1.1506617070459066,0.07636259069937684,0.2510009509310462,0.07636259069937684
5.833275,331.585388,90.306419,-537.512878,0.7027954660361277,-0.21240914040611122,-0.23250105276377053,0.637890390627369,16.79219683091718,75.49088497396565,-33.07172859804096,1.2263518558141675,0.17596346252334463,0.159338514559349,0.17596346252334463
5.866608,330.285614,91.003929,-539.798096,0.7068557497414126,-0.20030086698029442,-0.21644597849447184,0.6429507369449222,11.988204917834906,72.07255387253414,-33.12002204954297,1.1983084326493,0.23879199174285504,0.0030624785985233216,0.23879199174285504
5.899941,328.942596,91.538254,-541.995972,0.7124728232964206,-0.18932213639553486,-0.2011811187992631,0.6450315978100103,6.484661654733435,69.8245499304369,-32.44702078286083,1.0461049314060142,0.26042003327295393,-0.11792837584204939,0.26042003327295393
5.933274,327.547699,91.859787,-544.076599,0.717781114791812,-0.18027788621367746,-0.1885269124479217,0.6455600346005055,1.3387338289980524,68.66927811436985,-30.186363613125696,0.866567617040808,0.23393850220860934,-0.1575213866824035,0.23393850220860934
5.966607000000001,326.032806,92.060738,-546.030212,0.7225668064389683,-0.17264042311853264,-0.17789141506018338,0.645327156553891,-2.955272777604705,68.57356355164089,-27.656108791433283,0.7652165652300145,0.18677610269297562,-0.1514234119833312,0.18677610269297562
5.9999400000000005,324.429504,92.118698,-547.890625,0.7265600863488401,-0.16497027174094658,-0.16844270062805375,0.6453853941418355,-9.225876017809506,68.1598428881739,-26.485705147770425,0.7499370029633448,0.04950871630118833,-0.11205106835899457,0.04950871630118833
6.033273,322.764313,91.921677,-549.696411,0.7293792805030223,-0.15491460948208147,-0.16117596303447848,0.6465521153641185,-14.515087546389216,67.94245617545525,-26.25950481751137,0.7641935430444913,-0.09301702624898042,-0.03826339167136142,-0.09301702624898042
6.066606,321.037598,91.652122,-551.467529,0.7308288929963788,-0.14418079581157422,-0.15443214161966948,0.6490390904372333,-16.308439090010484,67.94563656486098,-25.92984511871262,0.7671868439768244,-0.16435025826597296,0.06255516271873171,-0.16435025826597296
6.099939,319.263214,91.349159,-553.175293,0.7308639257645984,-0.1329918133455116,-0.14828110421810647,0.6528122346669764,-15.58251558105668,68.64609764325807,-25.230631467808465,0.7174900618399017,-0.15635692394786815,0.134326975997339,-0.15635692394786815
6.133272,317.400085,91.132446,-554.836487,0.7303292622211798,-0.12396631522725429,-0.14203656669095474,0.6565646465924665,-15.203135870311138,70.61286732453584,-23.695889132304877,0.6143573138414132,-0.13777086781910688,0.16620883211327994,-0.13777086781910688
6.166605000000001,315.400513,90.854286,-556.418396,0.7291244727670275,-0.1158099492377643,-0.13750531996778598,0.6603467618231404,-15.30392532903344,72.26876830377243,-21.14340204388409,0.448891187960566,-0.13816328509254827,0.1945434189232823,-0.13816328509254827
6.199938,313.320496,90.62233,-557.892029,0.7271667149060042,-0.11091038447187382,-0.13476665356957893,0.6639016526826608,-15.316291570957384,73.77010655422222,-18.59333479691579,0.18607126100746274,-0.16798312206708316,0.25285838860195864,-0.16798312206708316
6.233271,311.140686,90.321381,-559.305481,0.7234657642115941,-0.10871889305909194,-0.13652515829915013,0.6679359037041893,-19.054111515441104,76.05612613419049,-15.729928617534831,-0.09065306916807472,-0.2983967723328841,0.28590281455840766,-0.2983967723328841
6.266604,308.840698,89.809593,-560.665588,0.7191020017297642,-0.10775208324005514,-0.14294228943635404,0.6714531268497957,-22.3141395518268,78.91591723772571,-11.758593773921103,-0.22872036091067482,-0.28503217851883544,0.21191251689549306,-0.28503217851883544
6.299937,306.411407,89.263,-561.954895,0.7165579840577821,-0.10883372198125708,-0.14771813079047044,0.6729630229652466,-18.39715726799977,80.51920256897962,-7.870432755340101,-0.27713429709527754,0.021676837606621428,0.10566763302569343,0.021676837606621428
6.333270000000001,303.962189,88.98851,-563.139404,0.7158290807121875,-0.11537733366514408,-0.148256994006798,0.6725300452850673,-10.096220938972124,83.67455110975759,-3.008273484301185,-0.477843297656805,0.4167479865495449,-0.002627241173897815,0.4167479865495449
6.3666030000000005,301.270386,88.982468,-564.213501,0.716777267923065,-0.12955440614482627,-0.14848362714217683,0.6688786261407305,-3.966795209687086,91.59795612531141,3.3846456555735074,-0.7267416961743868,0.5902176580108811,-0.11800274782559189,0.5902176580108811
6.399936,298.238495,89.159279,-565.288818,0.7182179732433557,-0.145310443542799,-0.15086288150866453,0.6635421681328956,-1.5667567030386156,96.87562708664487,9.810878767933563,-0.7322051947459609,0.6462672757196641,-0.07275514028449218,0.6462672757196641
6.433269,295.122314,89.382446,-566.260376,0.7180990578238748,-0.16101229979529252,-0.14956085895019497,0.6603335005413355,-0.19341241995390313,95.52570249700716,13.469572346686995,-0.4658196472565192,0.715239159987882,0.0021446315301003605,0.715239159987882
6.466602,292.120789,89.661148,-567.20813,0.7192695081331852,-0.17222067767310217,-0.14399134459494295,0.6574632351191995,-2.0895013067382533,90.08404119427138,12.658419518447637,-0.23259768214184381,0.620894264662927,-0.020859564099053707,0.620894264662927
6.499935000000001,289.361206,89.750488,-568.123779,0.7202301972615238,-0.18010241503322477,-0.139897902436318,0.6551794868169675,-6.243024371263982,85.3151644994475,11.10381891976649,-0.1455929286448039,0.4373452816303458,-0.11193940579663472,0.4373452816303458
6.5332680000000005,286.673187,89.739433,-569.048706,0.7228925441737848,-0.18474832658536275,-0.13734604594210267,0.6514832991458266,-7.943196960321642,84.17450786089469,9.812187766281149,0.015864992200916507,0.31420694647139247,-0.32262296845752797,0.31420694647139247
6.566601,284.013,89.747559,-570.019775,0.728760577332874,-0.18506334978819045,-0.13396680924291363,0.6455327036734103,-9.825553047518808,82.87346780605009,7.847348541495943,0.20558028315269278,0.2866152856328165,-0.45473325169906575,0.2866152856328165
6.599934,281.436188,89.683144,-570.997375,0.735216322751702,-0.1838888304572613,-0.12876370554888,0.6395793656191914,-13.385956290752882,79.17435393500897,5.002651531445871,0.32598567377859333,0.2888336666229488,-0.41590927425132285,0.2888336666229488
6.633267,279.024689,89.504311,-571.975525,0.7408676265530642,-0.18144769761747423,-0.12248864444646905,0.6349712000843926,-15.687247787713343,76.62003040049012,2.6610441395133684,0.375250362447265,0.27764546350994945,-0.3697820577986911,0.27764546350994945
